-- MySQL dump 10.13  Distrib 8.0.30, for Win64 (x86_64)
--
-- Host: localhost    Database: controles_tech_dgsr
-- ------------------------------------------------------
-- Server version	8.0.30

/*!40101 SET @OLD_CHARACTER_SET_CLIENT=@@CHARACTER_SET_CLIENT */;
/*!40101 SET @OLD_CHARACTER_SET_RESULTS=@@CHARACTER_SET_RESULTS */;
/*!40101 SET @OLD_COLLATION_CONNECTION=@@COLLATION_CONNECTION */;
/*!50503 SET NAMES utf8mb4 */;
/*!40103 SET @OLD_TIME_ZONE=@@TIME_ZONE */;
/*!40103 SET TIME_ZONE='+00:00' */;
/*!40014 SET @OLD_UNIQUE_CHECKS=@@UNIQUE_CHECKS, UNIQUE_CHECKS=0 */;
/*!40014 SET @OLD_FOREIGN_KEY_CHECKS=@@FOREIGN_KEY_CHECKS, FOREIGN_KEY_CHECKS=0 */;
/*!40101 SET @OLD_SQL_MODE=@@SQL_MODE, SQL_MODE='NO_AUTO_VALUE_ON_ZERO' */;
/*!40111 SET @OLD_SQL_NOTES=@@SQL_NOTES, SQL_NOTES=0 */;

--
-- Table structure for table `ct_anomalie`
--

DROP TABLE IF EXISTS `ct_anomalie`;
/*!40101 SET @saved_cs_client     = @@character_set_client */;
/*!50503 SET character_set_client = utf8mb4 */;
CREATE TABLE `ct_anomalie` (
  `id` int NOT NULL AUTO_INCREMENT,
  `ct_anomalie_type_id` int DEFAULT NULL,
  `anml_libelle` varchar(100) COLLATE utf8mb3_unicode_ci DEFAULT NULL,
  `anml_code` varchar(10) COLLATE utf8mb3_unicode_ci DEFAULT NULL,
  PRIMARY KEY (`id`),
  UNIQUE KEY `UNIQ_E4809465F16CE4D9E1729F0B1135665A` (`ct_anomalie_type_id`,`anml_libelle`,`anml_code`),
  KEY `IDX_E4809465F16CE4D9` (`ct_anomalie_type_id`),
  CONSTRAINT `FK_E4809465F16CE4D9` FOREIGN KEY (`ct_anomalie_type_id`) REFERENCES `ct_anomalie_type` (`id`)
) ENGINE=InnoDB AUTO_INCREMENT=348 DEFAULT CHARSET=utf8mb3 COLLATE=utf8mb3_unicode_ci;
/*!40101 SET character_set_client = @saved_cs_client */;

--
-- Dumping data for table `ct_anomalie`
--

LOCK TABLES `ct_anomalie` WRITE;
/*!40000 ALTER TABLE `ct_anomalie` DISABLE KEYS */;
INSERT INTO `ct_anomalie` VALUES (22,1,'AVERTISSEUR SONORE NUL','ACC21'),(4,1,'BALAI ESSUIE GLACE A COMPLETER','ACC3'),(10,1,'BANDE RETRO REFLECHISSANTES A POSER','ACC9'),(344,1,'BANQUETTE AR A RECTIFIER','CAR56'),(13,1,'BOITE A PHARMACIE A COMPLETER','ACC12'),(14,1,'BOITE A PHARMACIE NULLE','ACC13'),(304,1,'BUTEE DE RESSORT AV D EN MAUVAIS ETAT','SUS58'),(19,1,'CATADIOPRE TRIANGLE EN HAUT ARR VEHICULE REM A POSER','ACC18'),(20,1,'CEINTURE DE SECURITE A POSER','ACC19'),(21,1,'CEINTURE DE SECURITE NON CONFORME','ACC20'),(25,1,'DISQUE DE LIMITATION DE VITESSE A FAIRE','ACC24'),(27,1,'DISQUE DE LIMITATION DE VITESSE A RAFRAICHIR','ACC26'),(26,1,'DISQUE DE LIMITATION DE VITESSE NON CONFORME','ACC25'),(3,1,'ESSUIE GLACE EN MAUVAIS FONCTIONNEMENT','ACC2'),(2,1,'ESSUIE GLACE NULLE','ACC1'),(12,1,'EXTINCTEUR A PRESENTER','ACC11'),(11,1,'EXTINCTEUR VIDE','ACC10'),(17,1,'FONCTIONNEMENT TABLEAU DE BORD A REPARER','ACC16'),(280,1,'FUITE SUR AMORTISSEUR ARR D','SUS34'),(18,1,'INSCRIPTION INT/EXT A FAIRE (ISSUE DE SECOUR, VITESSE MAX, NB PLACE?)','ACC17'),(9,1,'PARE CHOC AV/ARR A FIXER','ACC8'),(8,1,'PARE CHOC AV/ARR A POSER','ACC7'),(153,1,'PEDALE DE FREIN TROP BASSE','FR10'),(7,1,'PLAQUE POLICE AV/AR NON CONFORME','ACC6'),(5,1,'PLAQUES POLICE AV/ARR A FIXER','ACC4'),(6,1,'PLAQUES POLICE AV/ARR NON VISIBLE','ACC5'),(23,1,'RETROVISEUR EXT A POSER','ACC22'),(24,1,'RETROVISEUR INT A POSER','ACC23'),(283,1,'ROTULE BRAS DE SUSPENSION INF G EN MAUVAIS ETAT','SUS37'),(15,1,'TRIANGLE DE PRESIGNALISATION A PRESENTER','ACC14'),(16,1,'TRIANGLES DE PRESIGNALISATION NON CONFORME','ACC15'),(110,2,'BIELLE PENDANTE DIRECTION DESSEREE','DIR15'),(113,2,'BIELLETTE DE CONNEXION G/D DESSEREE','DIR18'),(107,2,'CACHE POUSSIERE CREMAILLERE A POSER','DIR12'),(108,2,'CACHE POUSSIERE CREMAILLERE A REMPLACER','DIR13'),(109,2,'CREMAILLERE A REPARER','DIR14'),(111,2,'CROISILLON COLLONE DE DIRECTION A REMPLACER','DIR16'),(98,2,'FIXATION BOITIER DE DIRECTION A VERIFIER','DIR3'),(99,2,'FIXATION CREMAILLERE A VERIFIER','DIR4'),(103,2,'FLECTOR DE DIRECTION A REMPLACER','DIR8'),(112,2,'FUITE D\'HUILE SUR BOITIER DE DIRECTION','DIR17'),(106,2,'JEU EXCESSIF SORTIE D CREMAILLERE','DIR11'),(105,2,'JEU EXCESSIF SORTIE G CREMAILLERE','DIR10'),(100,2,'JEU IMPORTANT AU VOLANT','DIR5'),(97,2,'JEU IMPORTANT AXE RELAIS DE DIRECTION D','DIR2'),(96,2,'JEU IMPORTANT AXE RELAIS DE DIRECTION G','DIR1'),(102,2,'JEU IMPORTANT DE COLONNE DE DIRECTION','DIR7'),(101,2,'JEU IMPORTANT DE L\'AXE BIELLE PENDANTE','DIR6'),(104,2,'PARALLELISME A REGLER','DIR9'),(119,2,'ROTULE BARRE D\'ACCOUPLEMENT D A REMPLACER','DIR24'),(118,2,'ROTULE BARRE D\'ACCOUPLEMENT G A REMPLACER','DIR23'),(117,2,'ROTULE BARRE DE DIRECTION AVD A REMPLACER','DIR22'),(116,2,'ROTULE BARRE DE DIRECTION AVG A REMPLACER','DIR21'),(115,2,'ROTULE BIELLETTE DE CONNEXION D A REMPLACER','DIR20'),(114,2,'ROTULE BIELLETTE DE CONNEXION G A REMPLACER','DIR19'),(120,2,'VOLANT A DROITE INTERDIT','DIR25'),(135,3,'AMELIORER ETAT EXT DU VEHICULE','EM15'),(142,3,'BALAI ESSUIE GLACE A COMPLETER','EM22'),(139,3,'BATTERIE A FIXER','EM19'),(130,3,'CABOCHON ARR D A REMPLACER','EM10'),(129,3,'CABOCHON ARR G A REMPLACER','EM9'),(132,3,'CABOCHON AV D A REMPLACER','EM12'),(131,3,'CABOCHON AV G A REMPLACER','EM11'),(140,3,'DEBUT FUMEE MOTEUR','EM20'),(143,3,'DISQUE DE LIMITATION DE VITESSE A FAIRE','EM23'),(125,3,'FEU DE POLICE NUL','EM5'),(124,3,'FEU DE STOP D NUL','EM4'),(123,3,'FEU DE STOP G NUL','EM3'),(122,3,'FEU ROUGE D NUL','EM2'),(121,3,'FEU ROUGE G NUL','EM1'),(138,3,'LUNETTE ARR A REMPLACER','EM18'),(137,3,'PARE BRISE A REMPLACER','EM17'),(134,3,'PLAQUE POLICE ARR NON CONFORME','EM14'),(133,3,'PLAQUE POLICE AV NON CONFORME','EM13'),(128,3,'REFLECTEUR PHARE G/D A REMPLACER','EM8'),(136,3,'VEHICULE A PEINDRE','EM16'),(127,3,'VEUILLEUSE AV D NULLE','EM7'),(126,3,'VEUILLEUSE AV G NULLE','EM6'),(141,3,'VITRE TEINTEE D\'ORIGINE','EM21'),(163,4,'DISQUE DE FREIN CASSE','FR20'),(147,4,'FLEXIBLE ARR G MAUVAIS','FR4'),(146,4,'FLEXIBLE AV D EN MAUVAIS ETAT','FR3'),(145,4,'FLEXIBLE AV G EN MAUVAIS ETAT','FR2'),(148,4,'FLEXIBLES ARR D MAUVAIS','FR5'),(144,4,'FREIN A MAIN INOPERANT','FR1'),(161,4,'FREIN ARD NUL','FR18'),(160,4,'FREIN ARG NUL','FR17'),(159,4,'FREIN AVD NUL','FR16'),(158,4,'FREIN AVG NUL','FR15'),(155,4,'FREIN DE SECOURS INOPERANT','FR12'),(156,4,'FREIN SUR 4 ROUES A EQUILIBRER','FR13'),(164,4,'FREINDE PARCQUAGE INOPERANT (REM)','FR21'),(162,4,'FUITE D\'AIR SORTIE COMPRESSSEUR','FR19'),(151,4,'LIQUIDE DE FREIN EPUISE','FR8'),(152,4,'NIVAU LIQUIDE DE FREIN TROP BAS','FR9'),(154,4,'PEDALE DE FREIN AU PLANCHER','FR11'),(157,4,'RUPTURE DE FREIN','FR14'),(150,4,'TUYAU CONDUITE LIQUIDE DE FREIN AV D','FR7'),(149,4,'TUYAU CONDUITE LIQUIDE DE FREIN AV G','FR6'),(165,4,'VANNE DE CONNEXION DE FREIN EN MAUVAIS ETAT (TM16-REM)','FR22'),(182,5,'CHANGEMENT MOTEUR SANS R T I','MOT17'),(167,5,'DEBUT FUMEE MOTEUR','MOT2'),(177,5,'DEMARREUR A VERIFIER','MOT12'),(184,5,'FILS ELECTRIQUES A METTRE SOUS GAINE','MOT19'),(185,5,'FILS ELECTRIQUES DENUDES A ISOLER','MOT20'),(171,5,'FILTRE A AIR A POSER','MOT6'),(174,5,'FUITE D\'HUILE SUR MOTEUR','MOT9'),(176,5,'FUITE DE RADIATEUR','MOT11'),(173,5,'FUITE ESS/GAS OIL AU MOTEUR','MOT8'),(175,5,'FUITE LIQUIDE DE REFROIDISSEMENT','MOT10'),(166,5,'FUMEE EXCESSIVE','MOT1'),(172,5,'GRILLE VENTILATEUR A POSER','MOT7'),(183,5,'MAUVAISE FIXATION DE BATTERIE','MOT18'),(168,5,'MOTEUR BRUYANT','MOT3'),(170,5,'MOTEUR SALE','MOT5'),(169,5,'MOTEUR SURCHAUFFE','MOT4'),(179,5,'PATTE MOTEUR D A REMPLACER','MOT14'),(178,5,'PATTE MOTEUR G A REMPLACER','MOT13'),(180,5,'POT D\'ECHAPPEMENT A REPARER','MOT15'),(186,5,'RESERVOIR DIRECT INTERDIT','MOT21'),(181,5,'TUYAUTERIE D\'ECHAPEMENT A REPARER','MOT16'),(188,6,'CARNET ET CARTE VIOLETTE TB/TBe A REINTIGRER','PAP2'),(197,6,'CARTE GRISE A CHANGER','PAP11'),(196,6,'CARTE GRISE A REGULARISER (POIDS /CARROS)','PAP10'),(198,6,'CARTE GRISE ORIGINALE A PRESENTER','PAP12'),(190,6,'CARTE VIOLETTE A PRESENTER','PAP4'),(189,6,'CARTE VIOLETTE A VISER AU CIM','PAP3'),(187,6,'CERTIFICAT DE NON AFFECTATION ( C.N.A)','PAP1'),(191,6,'DEFAUT DE MUTATION','PAP5'),(195,6,'LICENCE A PRESENTER','PAP9'),(192,6,'PATENTE A PRESENTER','PAP6'),(194,6,'R T A A PRESENTER (T S V T )','PAP8'),(199,6,'R T I A PRESENTER','PAP13'),(193,6,'VIGNETTE A PRESENTER','PAP7'),(213,7,'FLANCS DES PNEUS DECHIRES','PN14'),(211,7,'GOUJON DES ROUES A COMPLETER','PN12'),(212,7,'HERNIE AU FLANC DES PNEUS','PN13'),(210,7,'JANTE ARR D EN MAUVAIS ETAT','PN11'),(209,7,'JANTE ARR G EN MAUVAIS ETAT','PN10'),(208,7,'JANTE AV D EN MAUVAIS ETAT','PN9'),(207,7,'JANTE AV G EN MAUVAIS ETAT','PN8'),(206,7,'JANTE ROUE DE SECOURS EN MAUVAIS ETAT','PN7'),(203,7,'PNEU ARR D LISSE','PN4'),(202,7,'PNEU ARR G LISSE','PN3'),(201,7,'PNEU AV D LISSE','PN2'),(200,7,'PNEU AV G LISSE','PN1'),(204,7,'PNEU ROUE DE SECOURS LISSE','PN5'),(205,7,'ROUES DE SECOURS NUL','PN6'),(239,8,'AMPOULE CODE PHARE A CHANGER','SIG25'),(240,8,'AMPOULE PHARE G/D A CHANGER EN JAUNE','SIG26'),(220,8,'AVERTISSEUR SONORE NUL','SIG7'),(242,8,'BRANCHEMENT CODE PHARE A VERIFIER','SIG28'),(241,8,'BRANCHEMENT LONGUE PORTEE A VERIFIER','SIG27'),(232,8,'CABOCHON ARR D A REMPLACER','SIG18'),(231,8,'CABOCHON ARR G A REMPLACER','SIG17'),(234,8,'CABOCHON AV D A REMPLACER','SIG20'),(233,8,'CABOCHON AV G A REMPLACER','SIG19'),(235,8,'CABOCHON FEU DE POLICE A POSER','SIG21'),(229,8,'CABOCHON FEUX DE GABARITS A POSER','SIG16'),(237,8,'CABOCHON ROUGE AV A CHANGER EN JAUNE','SIG23'),(236,8,'CABOCHON VEUILLEUSE G/D A POSER','SIG22'),(238,8,'CATADIOPTRES G/D A POSER','SIG24'),(226,8,'CODE G/D INCLINES','SIG13'),(222,8,'CODE G/D NULS','SIG9'),(224,8,'CODE PHARES G/D MAUVAISE MASSE','SIG11'),(227,8,'CODES G/D MONTES EN L\'ENVERS','SIG14'),(246,8,'COMMANDE KLAXON A POSER','SIG32'),(221,8,'COMMODO A REMPLACER','SIG8'),(345,8,'ECLAIRAGE LONGUE PORTEE LED A ENLEVER','SIG33'),(218,8,'FEU DE POLICE NUL','SIG5'),(245,8,'FEU PLAFONIER NUL','SIG31'),(228,8,'FEUX DE GABARIT G/D NULS','SIG15'),(216,8,'FEUX DE STOP G/D NULS','SIG3'),(217,8,'FEUX ROUGE G/D NULS','SIG4'),(214,8,'FEUX SUR CABINE A ENLEVER','SIG1'),(243,8,'LAMPES STROBOSCOPIQUES A ENLEVER','SIG29'),(223,8,'PHARE G/D NULS','SIG10'),(225,8,'REFLECTEURS PHARES G/D A REMPLACER','SIG12'),(215,8,'TOUS FEUX CLIGNOTANTS NULS','SIG2'),(244,8,'VERRE GLOBE OPTIQUE G/D CASSEES','SIG30'),(219,8,'VEUILLEUSES G/D NULLES','SIG6'),(272,9,'AMORTISSEUR ARR D SANS EFFET','SUS26'),(271,9,'AMORTISSEUR ARR G SANS EFFET','SUS25'),(270,9,'AMORTISSEUR AV D SANS EFFET','SUS24'),(269,9,'AMORTISSEUR AV G SANS EFFET','SUS23'),(268,9,'AXE AMORTISSEUR ARR D EN MAUVAIS ETAT','SUS22'),(267,9,'AXE AMORTISSEUR ARR G EN MAUVAIS ETAT','SUS21'),(266,9,'AXE AMORTISSEUR AV D EN MAUVAIS ETAT','SUS20'),(265,9,'AXE AMORTISSEUR AV G EN MAUVAIS ETAT','SUS19'),(288,9,'AXE BRAS INF D EN MAUVAIS ETAT','SUS42'),(287,9,'AXE BRAS INF G EN MAUVAIS ETAT','SUS41'),(263,9,'AXE BRAS SUP D EN MAUVAIS ETAT','SUS17'),(264,9,'AXE BRAS SUP G EN MAUVAIS ETAT','SUS18'),(286,9,'AXE FUSE AV D EN MAUVAIS ETAT','SUS40'),(285,9,'AXE FUSE AV G EN MAUVAIS ETAT','SUS39'),(321,9,'BARRE STABILISATRICE AV CASSEE','SUS75'),(325,9,'BRAS AV D EN MAUVAIS ETAT','SUS79'),(324,9,'BRAS AV G EN MAUVAIS ETAT','SUS78'),(306,9,'BUTEE DE RESSORT ARR D EN MAUVAIS ETAT','SUS60'),(305,9,'BUTEE DE RESSORT ARR G EN MAUVAIS ETAT','SUS59'),(303,9,'BUTEE DE RESSORT AV G EN MAUVAIS ETAT','SUS57'),(311,9,'CARROSSAGE ROUE ARR D A REGLER','SUS65'),(310,9,'CARROSSAGE ROUE ARR G A REGLER','SUS64'),(309,9,'CARROSSAGE ROUE AV D A REGLER','SUS63'),(308,9,'CARROSSAGE ROUES AV G A REGLER','SUS62'),(279,9,'FUITE SUR AMORTISSEUR ARR G','SUS33'),(278,9,'FUITE SUR AMORTISSEUR AV D','SUS32'),(277,9,'FUITE SUR AMORTISSEUR AV G','SUS31'),(262,9,'JEU EXCESSIF DE ROUE ARR D','SUS16'),(261,9,'JEU EXCESSIF DE ROUE ARR G','SUS15'),(260,9,'JEU EXCESSIF DE ROUE AV D','SUS14'),(259,9,'JEU EXCESSIF DE ROUE AV G','SUS13'),(301,9,'LAME RESSORT ARR G/D CASSEE','SUS55'),(300,9,'LAME RESSORT AV G/D CASSEE','SUS54'),(323,9,'OBJET HORS CABARIT A SUPPRIMER','SUS77'),(312,9,'PARALLELISME A REGLER','SUS66'),(292,9,'RESSORT ARR D AFAISSE','SUS46'),(291,9,'RESSORT ARR G AFFAISSE','SUS45'),(290,9,'RESSORT AV D AFFAISSE','SUS44'),(289,9,'RESSORT AV G AFFAISSE','SUS43'),(296,9,'RESSORT MAITRE ARR D CASSE','SUS50'),(295,9,'RESSORT MAITRE ARR G CASSE','SUS49'),(294,9,'RESSORT MAITRE AV D CASSE','SUS48'),(293,9,'RESSORT MAITRE AV G CASSE','SUS47'),(298,9,'RESSORT SOUS MAITRE ARR G CASSE','SUS52'),(297,9,'RESSORT SOUS MAITRE AV G CASSE','SUS51'),(299,9,'RESSORT SOUS MAITRESSE ARR D CASSE','SUS53'),(284,9,'ROTULE BRAS DE SUSPENSION INF D EN MAUVAIS ETAT','SUS38'),(282,9,'ROTULE BRAS DE SUSPENSION SUP D EN MAUVAIS ETAT','SUS36'),(281,9,'ROTULE BRAS DE SUSPENSION SUP G EN MAUVAIS ETAT','SUS35'),(319,9,'SILENT BLOC BARRE ANTI ROULIS EN MAUVAIS ETAT','SUS73'),(318,9,'SILENT BLOC BARRE STABILISATRICE AR EN MAUVAIS ETAT','SUS72'),(317,9,'SILENT BLOC BARRE STABILISATRICE AV EN MAUVAIS ETAT','SUS71'),(258,9,'SILENT BLOC BRAS INF D EN MAUVAIS ETAT','SUS12'),(316,9,'SILENT BLOC BRAS INF D EN MAUVAIS ETAT','SUS70'),(315,9,'SILENT BLOC BRAS INF G EN MAUVAIS ETAT','SUS69'),(314,9,'SILENT BLOC BRAS SUP D EN MAUVAIS ETAT','SUS68'),(302,9,'SILENT BLOC BRAS SUP G EN MAUVAIS ETAT','SUS56'),(313,9,'SILENT BLOC BRAS SUP G EN MAUVAIS ETAT','SUS67'),(320,9,'SILENT BLOC PALIER AR G/D A REMPLACER','SUS74'),(307,9,'SILENT BLOC TRAIN AV EN MAUVAIS ETAT','SUS61'),(276,9,'SUPPORT AMORTISSEUR ARR D EN MAUVAIS ETAT','SUS30'),(275,9,'SUPPORT AMORTISSEUR ARR G EN MAUVAIS ETAT','SUS29'),(274,9,'SUPPORT AMORTISSEUR AV D EN MAUVAIS ETAT','SUS28'),(273,9,'SUPPORT AMORTISSEUR AV G EN MAUVAIS ETAT','SUS27'),(254,9,'SUSPENSION ARR D TROP BASSE','SUS8'),(256,9,'SUSPENSION ARR D TROP HAUT','SUS10'),(253,9,'SUSPENSION ARR G TROP BASSE','SUS7'),(255,9,'SUSPENSION ARR G TROP HAUT','SUS9'),(250,9,'SUSPENSION AV D TROP BASSE','SUS4'),(252,9,'SUSPENSION AV D TROP HAUT','SUS6'),(249,9,'SUSPENSION AV G TROP BASSE','SUS3'),(251,9,'SUSPENSION AV G TROP HAUT','SUS5'),(257,9,'SUSPENSION TROP HAUT','SUS11'),(247,9,'TRAIN ARR A REVISER','SUS1'),(248,9,'TRAIN AV A REVISER','SUS2'),(322,9,'TRANSMISSION AV G/D A REPARER','SUS76'),(336,10,'ARBRE DE TRANSMISSION EN MAUVAIS ETAT','TR11'),(335,10,'BRUIT ANORMAL SUR TRANSMISSION','TR10'),(331,10,'CACHE POUSSIERE TRANSMISSION G/D A REMPLACER','TR6'),(339,10,'COMPLETER BOULONS DE SERRAGE CROISILLON BOITE DE VITESSE','TR14'),(338,10,'CROISILLON SORTIE BOITE DE VITESSE DESSERE','TR13'),(337,10,'CROISILLON SORTIE BOITE DE VITESSE MAUVA','TR12'),(327,10,'DEMI ARBRE DROITE CASSE','TR2'),(329,10,'DEMI ARBRE DROITE DESSERE','TR4'),(326,10,'DEMI ARBRE GAUCHE CASSE','TR1'),(328,10,'DEMI ARBRE GAUCHE DESSERE','TR3'),(334,10,'FUITE D\'HUILE SUR BOITE DE TRANSFERT','TR9'),(332,10,'FUITE D\'HUILE SUR BOITE VITESSE','TR7'),(333,10,'FUITE D\'HUILE SUR PONT DE TRANSMISSION AV/ARR','TR8'),(342,10,'MECANISME D\'EMBRAYAGE DEFECTUEUX','TR17'),(340,10,'PATTE BOITE DE VITESSE A REMPLACER','TR15'),(341,10,'PATTE BOITE DE VITESSE DESSEREE','TR16'),(330,10,'PATTE BOITE DE VITESSE DESSEREE','TR5'),(60,11,'BACHE A POSER','CAR34'),(59,11,'BACHE DECHIREE','CAR33'),(73,11,'BANDE RETROREFLECHISSANTE INSUFISANTE','CAR47'),(74,11,'BANDE RETROREFLECHISSANTE NON CONFORME','CAR48'),(72,11,'BANDES RETROREFLECHISSANTES A POSER','CAR46'),(43,11,'BANQUETTE ARR A ENLEVER','CAR17'),(42,11,'BANQUETTE ARR MAL A FIXER','CAR16'),(75,11,'BARRE DE FER SUR VITRE LAT G/D A ENLEVER','CAR49'),(70,11,'BOUCHON RESERVOIR A POSER','CAR44'),(61,11,'CALENDRE A POSER','CAR35'),(63,11,'CERCEAUX A FIXER','CAR37'),(62,11,'CERCEAUX CASSES','CAR36'),(76,11,'CONDUITE A DROITE INTERDITE','CAR50'),(38,11,'COUSSINS SIEGES A REPARER','CAR11'),(36,11,'DOSSIER SIEGE A REPARER','CAR9'),(29,11,'ETAT EXTERIEUR DU VEHICULE A AMELIORER','CAR2'),(28,11,'ETAT INTERIEUR DU VEHICULE A AMELIORER','CAR1'),(56,11,'FERMETURE CAPOT MOTEUR A REPARER','CAR30'),(79,11,'FERMETURE HAYON ARR A REPARER','CAR53'),(57,11,'FERMETURE MALLE ARR A REPARER','CAR31'),(55,11,'FERMETURE PORTE ARR D A REPARER','CAR29'),(54,11,'FERMETURE PORTE ARR G A REPARER','CAR28'),(53,11,'FERMETURE PORTE AVD A REPARER','CAR27'),(52,11,'FERMETURE PORTE AVG A REPARER','CAR26'),(78,11,'INSCRIPTION PUBLICITAIRE INTERDITE','CAR52'),(35,11,'LUNETTE ARR A CHANGER','CAR8'),(69,11,'MARCHE A PIED A POSER','CAR43'),(51,11,'MECANISME LEVE VITRE A REPARER','CAR25'),(343,11,'NIVEAU SIEGE A RECTIFIER','CAR55'),(40,11,'NOMBRE DE SIEGE NON CONFORME A LA CARTE','CAR13'),(77,11,'OBJET HORS GABARIT A ENLEVER','CAR51'),(34,11,'PARE BRISE A REMPLACER','CAR7'),(33,11,'PARE BRISE CASSEE','CAR6'),(68,11,'PARTIE FROTEE A DRESSER','CAR42'),(65,11,'PLANCHER A REPARER','CAR39'),(31,11,'POIGNET LEVE GLACE A POSER','CAR4'),(30,11,'POIGNETS D\'OUVERTURE PORTES EXT A POSER','CAR3'),(32,11,'POIGNETS PORTES INT A POSER','CAR5'),(64,11,'PORTE BAGAGES A FIXER','CAR38'),(58,11,'PORTE LATERALE COLLISSANTE NON EXISTANTE','CAR32'),(45,11,'RETROVISEUR EXT A POSER','CAR19'),(80,11,'REVETEMENT PORTIERE A POSER','CAR54'),(66,11,'RIDELLES A REPARER','CAR40'),(37,11,'SIEGES A FIXER','CAR10'),(39,11,'SIEGES DU VEHICULES A COMPLETER','CAR12'),(41,11,'STRAPONTINS A ENLEVER','CAR14'),(71,11,'TOUS SUPPORTS STRAPONTINS A ENLEVER','CAR45'),(46,11,'VEHICULE A PEINDRE','CAR20'),(67,11,'VEHICULE SALE','CAR41'),(49,11,'VITRE LATERALE COLISSANTE A CHANGER','CAR23'),(44,11,'VITRE PORTIERE AV/ARR CASSE','CAR18'),(48,11,'VITRES COULISSANTES LATERALES A COMPLETER','CAR22'),(47,11,'VITRES DES PORTIERES A COMPLETER','CAR21'),(50,11,'VITRES FUMEES INTERDITES (PELLICULE)','CAR24'),(83,12,'ABSENCE PLAQUE N° CHASSIS','CH3'),(82,12,'ENTRETOISE MILIEU FELE','CH2'),(91,12,'LONGERON DROITE CASSE','CH11'),(90,12,'LONGERON DROITE FELE','CH10'),(92,12,'LONGERON DROITE FLECHI','CH12'),(88,12,'LONGERON GAUCHE CASSE','CH8'),(81,12,'LONGERON GAUCHE FELE','CH1'),(89,12,'LONGERON GAUCHE FLECHI','CH9'),(85,12,'NON CONCORDANCE NUMERO DE CHASSIS','CH5'),(86,12,'NUMERO DE CHASSIS ILLISIBLES','CH6'),(84,12,'PLAQUE CHASSIS FALCIFIEE/NON CONFORME','CH4'),(87,12,'PLAQUE NUMERO DE CHASSIS DETERIORE','CH7'),(94,12,'TRAVERSE AVANT CASSE','CH14'),(93,12,'TRAVERSE AVANT FELE','CH13'),(95,12,'TRAVERSE AVANT RIVETAGE CISAILLE','CH15');
/*!40000 ALTER TABLE `ct_anomalie` ENABLE KEYS */;
UNLOCK TABLES;

--
-- Table structure for table `ct_anomalie_type`
--

DROP TABLE IF EXISTS `ct_anomalie_type`;
/*!40101 SET @saved_cs_client     = @@character_set_client */;
/*!50503 SET character_set_client = utf8mb4 */;
CREATE TABLE `ct_anomalie_type` (
  `id` int NOT NULL AUTO_INCREMENT,
  `atp_libelle` varchar(45) COLLATE utf8mb3_unicode_ci NOT NULL,
  PRIMARY KEY (`id`),
  UNIQUE KEY `UNIQ_692C84944060276E` (`atp_libelle`)
) ENGINE=InnoDB AUTO_INCREMENT=14 DEFAULT CHARSET=utf8mb3 COLLATE=utf8mb3_unicode_ci;
/*!40101 SET character_set_client = @saved_cs_client */;

--
-- Dumping data for table `ct_anomalie_type`
--

LOCK TABLES `ct_anomalie_type` WRITE;
/*!40000 ALTER TABLE `ct_anomalie_type` DISABLE KEYS */;
INSERT INTO `ct_anomalie_type` VALUES (1,'ACCESSOIRES'),(11,'CARROSSERIE'),(12,'CHASSIS'),(2,'DIRECTION'),(3,'EN MARGES VEHICULE APTE'),(4,'FREINAGE'),(5,'MOTEUR'),(6,'PAPIER'),(7,'PNEUMATIQUE'),(8,'SIGNALISATION'),(9,'SUSPENSION'),(10,'TRANSMISSION');
/*!40000 ALTER TABLE `ct_anomalie_type` ENABLE KEYS */;
UNLOCK TABLES;

--
-- Table structure for table `ct_arrete_prix`
--

DROP TABLE IF EXISTS `ct_arrete_prix`;
/*!40101 SET @saved_cs_client     = @@character_set_client */;
/*!50503 SET character_set_client = utf8mb4 */;
CREATE TABLE `ct_arrete_prix` (
  `id` int NOT NULL AUTO_INCREMENT,
  `user_id` int DEFAULT NULL,
  `art_numero` varchar(124) COLLATE utf8mb3_unicode_ci NOT NULL,
  `art_date` date DEFAULT NULL,
  `art_date_applic` date DEFAULT NULL,
  `art_created_at` datetime DEFAULT NULL COMMENT '(DC2Type:datetime_immutable)',
  `art_updated_at` datetime DEFAULT NULL COMMENT '(DC2Type:datetime_immutable)',
  PRIMARY KEY (`id`),
  UNIQUE KEY `UNIQ_1CEB5E02BAE5AA62` (`art_numero`),
  KEY `IDX_1CEB5E02A76ED395` (`user_id`),
  CONSTRAINT `FK_1CEB5E02A76ED395` FOREIGN KEY (`user_id`) REFERENCES `user` (`id`)
) ENGINE=InnoDB AUTO_INCREMENT=4 DEFAULT CHARSET=utf8mb3 COLLATE=utf8mb3_unicode_ci;
/*!40101 SET character_set_client = @saved_cs_client */;

--
-- Dumping data for table `ct_arrete_prix`
--

LOCK TABLES `ct_arrete_prix` WRITE;
/*!40000 ALTER TABLE `ct_arrete_prix` DISABLE KEYS */;
INSERT INTO `ct_arrete_prix` VALUES (1,NULL,'Arrêté Interministériel N° 040/2017','2017-01-03','2017-01-01',NULL,NULL),(3,NULL,'Arrêté Interministériel N° 2023/2023','2023-05-12','2023-06-01',NULL,NULL);
/*!40000 ALTER TABLE `ct_arrete_prix` ENABLE KEYS */;
UNLOCK TABLES;

--
-- Table structure for table `ct_bordereau`
--

DROP TABLE IF EXISTS `ct_bordereau`;
/*!40101 SET @saved_cs_client     = @@character_set_client */;
/*!50503 SET character_set_client = utf8mb4 */;
CREATE TABLE `ct_bordereau` (
  `id` int NOT NULL AUTO_INCREMENT,
  `ct_centre_id` int DEFAULT NULL,
  `be_numero` varchar(124) CHARACTER SET utf8mb3 COLLATE utf8mb3_unicode_ci NOT NULL,
  `be_date_edit` date DEFAULT NULL,
  `ct_expression_besoin_id` int DEFAULT NULL,
  `user_id` int DEFAULT NULL,
  `be_created_at` datetime DEFAULT NULL COMMENT '(DC2Type:datetime_immutable)',
  `be_updated_at` datetime DEFAULT NULL COMMENT '(DC2Type:datetime_immutable)',
  `ct_contenu_id` int DEFAULT NULL,
  PRIMARY KEY (`id`),
  UNIQUE KEY `UNIQ_334055EC82C8474E9D92CA30` (`ct_centre_id`,`be_numero`),
  UNIQUE KEY `UNIQ_334055EC8B12AEE` (`ct_expression_besoin_id`),
  KEY `IDX_334055EC82C8474E` (`ct_centre_id`),
  KEY `IDX_334055ECA76ED395` (`user_id`),
  KEY `IDX_334055ECAFD1CF85` (`ct_contenu_id`),
  CONSTRAINT `FK_334055EC82C8474E` FOREIGN KEY (`ct_centre_id`) REFERENCES `ct_centre` (`id`),
  CONSTRAINT `FK_334055EC8B12AEE` FOREIGN KEY (`ct_expression_besoin_id`) REFERENCES `ct_expression_besoin` (`id`),
  CONSTRAINT `FK_334055ECA76ED395` FOREIGN KEY (`user_id`) REFERENCES `user` (`id`),
  CONSTRAINT `FK_334055ECAFD1CF85` FOREIGN KEY (`ct_contenu_id`) REFERENCES `ct_contenu` (`id`)
) ENGINE=InnoDB AUTO_INCREMENT=6 DEFAULT CHARSET=utf8mb3 COLLATE=utf8mb3_unicode_ci;
/*!40101 SET character_set_client = @saved_cs_client */;

--
-- Dumping data for table `ct_bordereau`
--

LOCK TABLES `ct_bordereau` WRITE;
/*!40000 ALTER TABLE `ct_bordereau` DISABLE KEYS */;
INSERT INTO `ct_bordereau` VALUES (4,3,'N° 001-DGSR/AC/IT/23','2023-06-13',12,16,'2023-06-13 11:53:16',NULL,NULL),(5,3,'N° 1002-DGSR/AC/IT/23','2023-08-01',15,4,'2023-08-01 16:05:34',NULL,NULL);
/*!40000 ALTER TABLE `ct_bordereau` ENABLE KEYS */;
UNLOCK TABLES;

--
-- Table structure for table `ct_carrosserie`
--

DROP TABLE IF EXISTS `ct_carrosserie`;
/*!40101 SET @saved_cs_client     = @@character_set_client */;
/*!50503 SET character_set_client = utf8mb4 */;
CREATE TABLE `ct_carrosserie` (
  `id` int NOT NULL AUTO_INCREMENT,
  `crs_libelle` varchar(255) COLLATE utf8mb3_unicode_ci DEFAULT NULL,
  PRIMARY KEY (`id`)
) ENGINE=InnoDB AUTO_INCREMENT=93 DEFAULT CHARSET=utf8mb3 COLLATE=utf8mb3_unicode_ci;
/*!40101 SET character_set_client = @saved_cs_client */;

--
-- Dumping data for table `ct_carrosserie`
--

LOCK TABLES `ct_carrosserie` WRITE;
/*!40000 ALTER TABLE `ct_carrosserie` DISABLE KEYS */;
INSERT INTO `ct_carrosserie` VALUES (1,'AGRICOLE'),(3,'BACHEE'),(4,'BENNE'),(5,'BREAK'),(6,'CI'),(7,'CAR'),(8,'CAR SIMPLIFIE'),(9,'CI 2 P'),(10,'CI 4P'),(11,'CITERNE'),(12,'D.C'),(13,'DECAPOTABLE'),(14,'FOURGON'),(15,'FOURGONNETTE'),(16,'P R B'),(17,'PLATEAU'),(18,'PRSREM'),(19,'TA A PNEU'),(20,'FRIGORIFIQUE'),(21,'NON SPECIFIE'),(22,'AGRICOLE'),(23,'AMBULANCE'),(24,'ATELIER'),(25,'BACHEE'),(26,'BACHEE AM TPP'),(27,'BENNE'),(28,'BETONNIERE'),(29,'BREAK'),(30,'CABRIOLET'),(31,'CAMPING CAR'),(32,'CAR'),(33,'CAR SIMPLIFIE'),(34,'CARB LEG'),(35,'CHASSIS NU'),(36,'CI2P'),(37,'CITERNE'),(38,'CL'),(39,'COMMERCIAL'),(40,'DECAPOTABLE'),(41,'DEPANNAGE'),(42,'DIVERS'),(43,'ELEVATEUR'),(44,'ENGIN'),(45,'FGTD'),(46,'FOREST'),(47,'FOURGON'),(48,'FOURGON AM TPP'),(49,'NIVELEUSE'),(50,'PELLE'),(51,'PLATEAU'),(52,'PRSREM'),(53,'PTE CONT'),(54,'QUADRICYCLE'),(55,'SIDE-CAR'),(56,'SOLO'),(57,'TA A PNEU'),(58,'TRA'),(59,'TRAVAUX'),(60,'TRICYCLE A MOTEUR'),(61,'GRUE'),(62,'PRB'),(63,'MINI CAR'),(64,'AUTO CAR'),(65,'AUTOBUS'),(66,'-'),(67,'PORTE ENGIN'),(68,'FOURGON VITRE'),(69,'MINI-BUS'),(70,'PTE ENGIN'),(71,'SAVOYARD'),(72,'NON SPECIFIE'),(73,'FOURGON AMG'),(74,'PORTE CONTENEUR'),(75,'FOURGON BLINDE'),(76,'FTTEE VITREE'),(77,'FAMILIALE'),(78,'CARGO'),(79,'TOLE'),(80,'INCENDIE'),(81,'TRICYCLE'),(82,'PICKUP'),(83,'VTST'),(84,'POMPIER'),(85,'HESSON AMOVIBLE'),(86,'MULTIFONCTION'),(87,'METALLIQUE'),(88,'BERLINE'),(89,'LIMOUSINE'),(90,'PTE CHARD'),(91,'BOM'),(92,'BOM');
/*!40000 ALTER TABLE `ct_carrosserie` ENABLE KEYS */;
UNLOCK TABLES;

--
-- Table structure for table `ct_centre`
--

DROP TABLE IF EXISTS `ct_centre`;
/*!40101 SET @saved_cs_client     = @@character_set_client */;
/*!50503 SET character_set_client = utf8mb4 */;
CREATE TABLE `ct_centre` (
  `id` int NOT NULL AUTO_INCREMENT,
  `ct_province_id` int DEFAULT NULL,
  `ctr_nom` varchar(255) COLLATE utf8mb3_unicode_ci DEFAULT NULL,
  `ctr_code` varchar(255) COLLATE utf8mb3_unicode_ci DEFAULT NULL,
  `ctr_created_at` datetime DEFAULT NULL COMMENT '(DC2Type:datetime_immutable)',
  `ctr_updated_at` datetime DEFAULT NULL COMMENT '(DC2Type:datetime_immutable)',
  `is_parent` tinyint(1) NOT NULL,
  PRIMARY KEY (`id`),
  UNIQUE KEY `UNIQ_902E42D34D2E62D` (`ctr_nom`),
  KEY `IDX_902E42D9764A0FC` (`ct_province_id`),
  CONSTRAINT `FK_902E42D9764A0FC` FOREIGN KEY (`ct_province_id`) REFERENCES `ct_province` (`id`)
) ENGINE=InnoDB AUTO_INCREMENT=174 DEFAULT CHARSET=utf8mb3 COLLATE=utf8mb3_unicode_ci;
/*!40101 SET character_set_client = @saved_cs_client */;

--
-- Dumping data for table `ct_centre`
--

LOCK TABLES `ct_centre` WRITE;
/*!40000 ALTER TABLE `ct_centre` DISABLE KEYS */;
INSERT INTO `ct_centre` VALUES (1,6,'DGSR A LA SUITE','000','2022-06-18 13:26:07','2023-08-01 14:39:58',0),(3,6,'BETONGOLO','002','2017-10-16 09:39:33','2023-08-01 14:28:19',1),(4,6,'ALAROBIA','001','2017-10-16 09:39:50','2023-08-01 14:27:48',1),(5,6,'NANISANA','003','2017-10-16 09:40:30','2017-12-18 08:30:24',0),(6,6,'ALASORA','004','2017-10-16 09:41:02','2023-08-01 14:28:10',1),(7,5,'TANAMBOROZANO','005','2017-10-16 09:42:21','2023-08-01 14:31:32',1),(8,5,'BARIKADIMY','005','2017-10-16 09:42:37','2017-12-18 08:29:27',0),(9,3,'BESOROHITRA','007','2017-10-16 09:43:07','2023-08-01 14:34:49',1),(10,7,'SANFIL','008','2017-10-16 09:47:55','2023-08-01 14:35:09',1),(11,2,'TRANOBOZAKA','009','2017-10-16 09:48:32','2023-08-01 14:33:00',1),(12,6,'IVATO','010','2017-10-16 09:51:17','2023-08-01 14:28:33',1),(13,7,'MORONDAVA','011','2017-10-16 09:53:02','2023-08-01 14:35:40',1),(15,7,'TAOLAGNARO','013','2017-10-16 09:54:03','2023-08-01 14:36:01',1),(16,7,'AMBOVOMBE','014','2017-10-16 09:54:16','2023-08-01 14:36:17',1),(17,3,'AMBOSITRA','015','2017-10-16 09:54:32','2023-08-01 14:36:45',1),(18,5,'AMBATONDRAZAKA','016','2017-10-16 09:54:44','2023-08-01 14:31:18',1),(19,5,'FENERIVE-EST','017','2017-10-16 09:55:01','2023-08-01 14:31:43',1),(20,5,'MORAMANGA','018','2017-10-16 09:55:11','2023-08-01 14:31:10',1),(21,2,'SAMBAVA','019','2017-10-16 09:55:27','2023-08-01 14:33:12',1),(22,8,'AMBOROVY','020','2017-10-16 09:56:27','2023-08-01 14:32:07',1),(23,3,'MANAKARA','021','2017-10-16 09:57:22','2023-08-01 14:37:38',1),(24,3,'FARAFANGANA','022','2017-10-16 09:57:52','2023-08-01 14:38:00',1),(25,6,'ANTSIRABE/TSARASAOTRA','023','2017-10-16 09:59:24','2018-07-23 10:49:18',0),(26,6,'CENTRE RECEPTION TECHNIQUE','024','2017-11-13 07:29:05','2023-08-01 14:38:37',1),(27,3,'IHOSY','025','2017-11-13 07:40:34','2023-08-01 14:39:00',1),(28,8,'ANTSOHIHY','026','2017-11-13 07:48:05','2023-08-01 14:32:15',1),(29,6,'TSIROANOMANDIDY','027','2018-07-04 11:09:26','2023-08-01 14:28:42',1),(30,5,'ITINERANTE BRIEVILLE','016','2018-09-13 08:55:30','2018-09-13 08:57:27',0),(31,5,'ITINERANTE AMBAIBOHO','016','2018-09-13 08:57:44',NULL,0),(32,5,'ITINERANTE TANAMBE','016','2018-09-13 08:58:05','2020-03-16 12:42:13',0),(33,3,'ITINERANTE SANDRANDAHY','015','2018-09-13 09:01:19','2020-03-13 10:06:26',0),(34,3,'ITINERANTE FANDRIANA','015','2018-09-13 09:01:32','2020-03-13 10:01:50',0),(35,7,'ITINERANTE AMBOASARY','014','2018-09-13 09:03:23',NULL,0),(36,6,'ITINERANTE AMBATOLAMPY','023','2018-09-13 09:05:58','2020-03-13 11:21:42',0),(37,6,'VISITE A DOMICILE : MADAGASCAR OIL','001','2018-09-13 09:06:13',NULL,0),(38,6,'ITINERANTE ANTANIFOTSY','023','2018-09-13 09:07:26','2020-03-13 10:34:20',0),(39,6,'ITINERANTE AMBOHIMANDROSO','023','2018-09-13 09:07:45','2020-03-13 10:37:37',0),(40,2,'ITINERANTE AMBILOBE','009','2018-09-13 09:10:03','2020-03-13 10:30:11',0),(41,2,'ITINERANTE AMBANJA','029','2018-09-13 09:10:36','2020-03-13 10:31:32',0),(42,2,'NOSY BE','029','2018-09-13 09:10:58','2023-08-01 14:32:46',1),(44,8,'ITINERANTE PORT BERGE','026','2018-09-13 09:14:51','2020-03-13 10:14:54',0),(46,8,'ITINERANTE BEFANDRIANA NORD','026','2018-09-13 09:15:24','2020-03-13 10:22:17',0),(47,3,'ITINERANTE VANGAINDRANO','022','2018-09-13 09:16:19','2020-03-13 09:56:02',0),(48,5,'ITINERANTE MANANARA-NORD','017','2018-09-13 09:17:28','2020-03-16 13:00:12',0),(49,5,'ITINERANTE MAROANTSETRA','017','2018-09-13 09:17:42','2020-03-16 13:01:35',0),(50,5,'ITINERANTE SAINTE MARIE','017','2018-09-13 09:17:56','2020-03-16 13:36:01',0),(51,5,'ITINERANTE VAVATENINA','017','2018-09-13 09:18:10','2020-03-16 13:02:56',0),(52,3,'ITINERANTE AMBALAVAO','007','2018-09-13 09:20:29','2020-03-12 15:52:33',0),(53,3,'ITINERANTE VOHIPOSA','007','2018-09-13 09:20:42','2020-03-12 15:58:52',0),(54,3,'ITINERANTE AMBOHIMAHASOA','007','2018-09-13 09:21:21','2020-03-12 15:56:03',0),(55,3,'ITINERANTE IFANADIANA','021','2018-09-13 09:21:34','2020-03-12 15:26:37',0),(56,3,'ITINERANTE RANOMAFANA','021','2018-09-13 09:21:48','2020-03-12 15:25:10',0),(57,3,'ITINERANTE BETROKA','025','2018-09-13 09:23:46','2020-03-16 13:49:32',0),(58,3,'ITINERANTE ILAKAKA','025','2018-09-13 09:23:56','2020-03-12 15:42:33',0),(59,6,'ITINERANTE MAHITSY','010','2018-09-13 09:26:17','2020-03-12 15:36:49',0),(60,6,'ITINERANTE ANKAZOBE','010','2018-09-13 09:26:30','2020-03-12 15:38:14',0),(61,8,'ITINERANTE MAROVOAY','020','2018-09-13 09:27:36','2020-03-12 15:29:35',0),(62,8,'ITINERANTE MAEVATANANA','020','2018-09-13 09:27:51','2020-03-12 15:32:26',0),(63,3,'ITINERANTE MANANJARY','021','2018-09-13 09:55:08','2020-03-12 15:28:07',0),(64,5,'ITINERANTE MANJAKANDRIANA','018','2018-09-13 09:55:55',NULL,0),(65,7,'ITINERANTE MIANDRIVAZO','011','2018-09-13 09:56:42','2020-03-12 15:01:57',0),(66,2,'ITINERANTE AMPANEFENA','019','2018-09-13 09:57:47',NULL,0),(67,2,'ITINERANTE VOHEMAR','019','2018-09-13 09:57:58','2020-03-12 14:54:50',0),(68,2,'ITINERANTE ANTALAHA','019','2018-09-13 09:58:36','2020-03-12 14:58:27',0),(69,2,'ITINERANTE ANDAPA','019','2018-09-13 09:58:47','2020-03-12 14:59:52',0),(70,5,'ITINERANTE VATOMANDRY','005','2018-09-13 09:59:59','2020-03-12 14:48:11',0),(71,5,'TOAMASINA','005','2018-09-13 10:00:12','2019-04-04 05:02:48',0),(72,7,'ITINERANTE ANKILILAOKA','008','2018-09-13 10:01:34','2020-03-12 14:26:23',0),(73,7,'ITINERANTE BEFANDRIANA SUD','008','2018-09-13 10:01:46','2020-03-12 14:29:21',0),(74,7,'ITINERANTE AMBAIKILY','008','2018-09-13 10:02:08','2020-03-12 14:30:46',0),(75,7,'ITINERANTE MOROMBE','008','2018-09-13 10:02:45','2020-03-12 14:32:09',0),(76,7,'ITINERANTE SAKARAHA','008','2018-09-13 10:02:59','2020-03-12 14:33:33',0),(77,7,'ITINERANTE ANKAZOABO','008','2018-09-13 10:03:10','2020-03-12 14:34:56',0),(78,7,'ITINERANTE ANDRANOVORY','008','2018-09-13 10:03:23','2020-03-12 14:36:18',0),(79,7,'ITINERANTE BEZAHA','008','2018-09-13 10:03:34','2020-03-12 14:37:43',0),(80,7,'ITINERANTE BETIOKY','008','2018-09-13 10:03:44','2020-03-12 14:39:06',0),(81,7,'ITINERANTE EJEDA','008','2018-09-13 10:03:54','2020-03-12 14:40:32',0),(82,7,'ITINERANTE AMPANIHY','008','2018-09-13 10:04:16','2020-03-12 14:41:56',0),(83,6,'ITINERANTE SAKAY','027','2018-09-13 10:07:16','2020-03-12 14:12:05',0),(84,6,'ITINERANTE SOAVINANDRIANA','027','2018-09-13 10:07:31','2020-03-12 14:13:43',0),(85,6,'ITINERANTE ANALAVORY','027','2018-09-13 10:07:42','2020-03-14 10:43:22',0),(86,6,'ITINERANTE MIARINARIVO','027','2018-09-13 10:07:52','2020-03-12 14:23:34',0),(87,6,'ITINERANTE ARIVONIMAMO','027','2018-09-13 10:08:03','2020-03-12 14:24:59',0),(88,6,'ANTSIRABE','023','2018-10-22 11:33:55','2023-08-01 14:28:53',1),(89,2,'ANTSIRANANA','009','2018-10-22 11:34:39',NULL,0),(90,3,'ITINERANTE BERAVINA','007','2018-10-22 12:04:40',NULL,0),(91,6,'RECEPTION TECHNIQUE SOCIMEX','024','2019-04-02 07:22:58',NULL,0),(92,6,'RECEPTION TECHNIQUE EXTERNE','024','2019-04-04 08:03:33','2019-04-11 07:23:49',0),(93,6,'ANTANANARIVO','001','2019-04-04 19:31:23',NULL,0),(94,6,'VISITE A DOMICILE : ALI MOURTAZA','001','2019-04-10 07:44:12',NULL,0),(95,6,'VISITE A DOMICILE : SALONE','001','2019-04-12 12:41:43',NULL,0),(96,6,'VISITE A DOMICILE : SOMADA','001','2019-04-12 12:41:49','2019-08-08 10:08:37',0),(97,6,'GMM','028','2019-05-03 12:49:36',NULL,0),(98,6,'VISITE A DOMICILE : SMCT','001','2019-08-29 10:05:53',NULL,0),(99,6,'VISITE A DOMICILE : SMATP','001','2019-08-29 10:06:21',NULL,0),(100,6,'SOCR','030','2019-09-09 14:05:15',NULL,0),(101,6,'VISITE A DOMICILE : COLAS','001','2020-02-25 10:55:10',NULL,0),(102,5,'ITINERANTE MAHANORO','005','2020-03-12 14:44:46',NULL,0),(103,5,'ITINERANTE FOULPOINTE','005','2020-03-12 14:49:36',NULL,0),(104,5,'ITINERANTE BRICKAVILLE','005','2020-03-12 14:50:58',NULL,0),(105,7,'ITINERANTE MAHABO','011','2020-03-12 15:18:29',NULL,0),(106,7,'ITINERANTE BELO/TSIRIBIHINA','011','2020-03-12 15:20:48',NULL,0),(107,7,'ITINERANTE MANJA','011','2020-03-12 15:22:12',NULL,0),(108,8,'ITINERANTE AMBONDROMAMY','020','2020-03-12 15:31:01',NULL,0),(109,8,'ITINERANTE KATSEPY','020','2020-03-12 15:33:54',NULL,0),(110,8,'ITINERANTE NAMAKIA MGA','020','2020-03-12 15:35:20','2023-04-25 10:10:38',0),(111,6,'ITINERANTE ANDRANOVELONA','010','2020-03-12 15:39:41',NULL,0),(112,5,'ITINERANTE SOANERANA IVONGO','017','2020-03-12 15:50:27','2020-03-16 13:42:56',0),(113,3,'ITINERANTE AMBATOFINANDRAHANA','015','2020-03-13 10:07:50',NULL,0),(114,8,'ITINERANTE MAMPIKONY','026','2020-03-13 10:24:42',NULL,0),(115,8,'ITINERANTE MANDRITSARA','026','2020-03-13 10:26:04',NULL,0),(116,8,'ITINERANTE BEALANANA','026','2020-03-13 10:28:50',NULL,0),(117,6,'ITINERANTE MANDOTO','023','2020-03-13 10:42:04',NULL,0),(118,6,'ITINERANTE ANKAZOMIRIOTRA','023','2020-03-13 10:44:40','2020-03-13 10:51:39',0),(119,7,'ITINERANTE BEKILY','014','2020-03-13 10:59:53','2020-03-16 12:55:17',0),(120,7,'ITINERANTE BERAKETA','014','2020-03-13 11:02:16','2020-03-16 12:56:40',0),(121,7,'ITINERANTE TSIHOMBE','014','2020-03-13 11:06:44','2020-03-16 12:58:04',0),(122,6,'ITINERANTE MANJAKANDRIANA BGL','002','2020-03-13 11:23:15','2023-04-25 10:11:05',0),(123,6,'ITINERANTE BEHENJY','023','2020-06-24 07:38:53',NULL,0),(124,3,'ITINERANTE RANOMAFANA IFANADIANA','021',NULL,NULL,0),(128,5,'ITINERANTE ANTSAPANANA','005','2020-07-20 09:34:39',NULL,0),(130,6,'VISITE A DOMICILE : COGECI','001',NULL,NULL,0),(131,6,'RÉCEPTION TECHNIQUE ATT','024',NULL,NULL,0),(134,6,'ATT','004',NULL,NULL,0),(135,6,'VISITE A DOMICILE : ATT','001',NULL,NULL,0),(136,6,'GARE ROUTIERE MAKI (ANNEXE IVATO)','030','2020-10-22 00:00:00','2020-10-22 00:00:00',0),(137,6,'RECEPTION TECHNIQUE OCEAN TRADE','024','2021-01-19 00:00:00','2021-01-19 00:00:00',0),(138,6,'RECEPTION TECHNIQUE HENRI FRAISE','024',NULL,NULL,0),(139,6,'RECEPTION TECHNIQUE SODIREX','024',NULL,NULL,0),(140,6,'RECEPTION TECHNIQUE SICAM','024',NULL,NULL,0),(145,5,'ANNEXE BARIKADIMY','005',NULL,NULL,0),(146,6,'RECEPTION TECHNIQUE CONTINENTAL AUTO','024',NULL,NULL,0),(147,6,'VISITE A DOMICILE : CRBC','001',NULL,NULL,0),(148,3,'ITINERANTE FARAFANGANA','022',NULL,NULL,0),(149,6,'VISITE A DOMICILE : SOBATRA','001','2021-07-13 10:56:23',NULL,0),(150,6,'VISITE A DOMICILE : MEDD','002',NULL,NULL,0),(151,6,'VISITE A DOMICILE : NSTT/SMCT','001',NULL,NULL,0),(152,7,'ITINERANTE BEVOAY','008','2021-11-02 08:05:00',NULL,0),(153,6,'RECEPTION TECHNIQUE CRBC','024',NULL,NULL,0),(154,5,'MADAUTO TOAMASINA','005','2022-04-06 11:44:30',NULL,0),(155,6,'VISITE A DOMICILE : ID RENTAL','001','2017-10-16 09:39:50','2017-12-18 08:30:38',0),(156,5,'SOCIETE SEAL','005','2017-10-16 09:42:21','2018-06-06 09:02:19',0),(157,5,'STE VELOGIC','005',NULL,NULL,0),(158,5,'HENRI FRAISE FILS ET CIE','005',NULL,NULL,0),(159,5,'ETS MODRIN ET CIE','005',NULL,NULL,0),(160,5,'BOLLORE TRANSPORT ET LOGISTICS','005','2022-05-06 08:05:00',NULL,0),(161,6,'VISITE A DOMICILE : CNAPS','001','2022-05-11 00:00:00',NULL,0),(162,5,'PENTA OCEAN','005','2022-06-22 00:00:00',NULL,0),(163,5,'FTL MADAGASCAR SARL','005','2022-06-27 11:10:21',NULL,0),(164,2,'ITINERANTE NAMAKIA','009','2020-03-12 15:35:20',NULL,0),(172,8,'ITINERANTE AMBATOBOENY','020','2023-04-26 13:22:30',NULL,0);
/*!40000 ALTER TABLE `ct_centre` ENABLE KEYS */;
UNLOCK TABLES;

--
-- Table structure for table `ct_const_av_ded_type`
--

DROP TABLE IF EXISTS `ct_const_av_ded_type`;
/*!40101 SET @saved_cs_client     = @@character_set_client */;
/*!50503 SET character_set_client = utf8mb4 */;
CREATE TABLE `ct_const_av_ded_type` (
  `id` int NOT NULL AUTO_INCREMENT,
  `cad_tp_libelle` varchar(45) COLLATE utf8mb3_unicode_ci DEFAULT NULL,
  PRIMARY KEY (`id`),
  UNIQUE KEY `UNIQ_28CF9E2E88CD7101` (`cad_tp_libelle`)
) ENGINE=InnoDB AUTO_INCREMENT=7 DEFAULT CHARSET=utf8mb3 COLLATE=utf8mb3_unicode_ci;
/*!40101 SET character_set_client = @saved_cs_client */;

--
-- Dumping data for table `ct_const_av_ded_type`
--

LOCK TABLES `ct_const_av_ded_type` WRITE;
/*!40000 ALTER TABLE `ct_const_av_ded_type` DISABLE KEYS */;
INSERT INTO `ct_const_av_ded_type` VALUES (1,'Carte grise'),(2,'Corps du vehicule'),(3,'Notice descriptive');
/*!40000 ALTER TABLE `ct_const_av_ded_type` ENABLE KEYS */;
UNLOCK TABLES;

--
-- Table structure for table `ct_contenu`
--

DROP TABLE IF EXISTS `ct_contenu`;
/*!40101 SET @saved_cs_client     = @@character_set_client */;
/*!50503 SET character_set_client = utf8mb4 */;
CREATE TABLE `ct_contenu` (
  `id` int NOT NULL AUTO_INCREMENT,
  `ct_imprime_tech_id` int DEFAULT NULL,
  `qte_demande` double NOT NULL,
  `debut_numero` double DEFAULT NULL,
  `fin_numero` double DEFAULT NULL,
  `ct_expression_besoin_id` int DEFAULT NULL,
  PRIMARY KEY (`id`),
  UNIQUE KEY `UNIQ_ECBD7BF78B12AEE2ADBF4F2` (`ct_expression_besoin_id`,`ct_imprime_tech_id`),
  KEY `IDX_ECBD7BF72ADBF4F2` (`ct_imprime_tech_id`),
  KEY `IDX_ECBD7BF78B12AEE` (`ct_expression_besoin_id`),
  CONSTRAINT `FK_ECBD7BF72ADBF4F2` FOREIGN KEY (`ct_imprime_tech_id`) REFERENCES `ct_imprime_tech` (`id`),
  CONSTRAINT `FK_ECBD7BF78B12AEE` FOREIGN KEY (`ct_expression_besoin_id`) REFERENCES `ct_expression_besoin` (`id`)
) ENGINE=InnoDB AUTO_INCREMENT=23 DEFAULT CHARSET=utf8mb3 COLLATE=utf8mb3_unicode_ci;
/*!40101 SET character_set_client = @saved_cs_client */;

--
-- Dumping data for table `ct_contenu`
--

LOCK TABLES `ct_contenu` WRITE;
/*!40000 ALTER TABLE `ct_contenu` DISABLE KEYS */;
INSERT INTO `ct_contenu` VALUES (1,1,500,NULL,NULL,13),(2,2,500,NULL,NULL,12),(3,12,1000,NULL,NULL,12),(4,4,500,NULL,NULL,12),(5,9,500,NULL,NULL,12),(6,3,500,NULL,NULL,12),(7,1,500,NULL,NULL,14),(8,12,5000,NULL,NULL,14),(9,2,500,NULL,NULL,14),(10,3,500,NULL,NULL,14),(11,4,500,NULL,NULL,14),(12,11,100,NULL,NULL,14),(13,1,500,NULL,NULL,15),(14,12,1000,NULL,NULL,15),(15,2,500,NULL,NULL,15),(16,1,1000,NULL,NULL,16),(17,12,5000,NULL,NULL,16),(18,2,500,NULL,NULL,16),(19,6,500,NULL,NULL,16),(20,4,500,NULL,NULL,16),(21,10,500,NULL,NULL,16),(22,9,500,NULL,NULL,16);
/*!40000 ALTER TABLE `ct_contenu` ENABLE KEYS */;
UNLOCK TABLES;

--
-- Table structure for table `ct_droit_ptac`
--

DROP TABLE IF EXISTS `ct_droit_ptac`;
/*!40101 SET @saved_cs_client     = @@character_set_client */;
/*!50503 SET character_set_client = utf8mb4 */;
CREATE TABLE `ct_droit_ptac` (
  `id` int NOT NULL AUTO_INCREMENT,
  `ct_genre_categorie_id` int DEFAULT NULL,
  `ct_type_droit_ptac_id` int DEFAULT NULL,
  `ct_arrete_prix_id` int DEFAULT NULL,
  `dp_poids_min` double DEFAULT NULL,
  `dp_poids_max` double DEFAULT NULL,
  `dp_droit` double DEFAULT NULL,
  PRIMARY KEY (`id`),
  UNIQUE KEY `UNIQ_DB918ADA76255A6812DA95297CFDF4ACE1B96ABFDDB455E6` (`ct_arrete_prix_id`,`ct_genre_categorie_id`,`ct_type_droit_ptac_id`,`dp_poids_min`,`dp_poids_max`),
  KEY `IDX_DB918ADA12DA9529` (`ct_genre_categorie_id`),
  KEY `IDX_DB918ADA7CFDF4AC` (`ct_type_droit_ptac_id`),
  KEY `IDX_DB918ADA76255A68` (`ct_arrete_prix_id`),
  CONSTRAINT `FK_DB918ADA12DA9529` FOREIGN KEY (`ct_genre_categorie_id`) REFERENCES `ct_genre_categorie` (`id`),
  CONSTRAINT `FK_DB918ADA76255A68` FOREIGN KEY (`ct_arrete_prix_id`) REFERENCES `ct_arrete_prix` (`id`),
  CONSTRAINT `FK_DB918ADA7CFDF4AC` FOREIGN KEY (`ct_type_droit_ptac_id`) REFERENCES `ct_type_droit_ptac` (`id`)
) ENGINE=InnoDB AUTO_INCREMENT=43 DEFAULT CHARSET=utf8mb3 COLLATE=utf8mb3_unicode_ci;
/*!40101 SET character_set_client = @saved_cs_client */;

--
-- Dumping data for table `ct_droit_ptac`
--

LOCK TABLES `ct_droit_ptac` WRITE;
/*!40000 ALTER TABLE `ct_droit_ptac` DISABLE KEYS */;
INSERT INTO `ct_droit_ptac` VALUES (1,1,1,1,7,10,135000),(2,1,1,1,0,3.5,45000),(3,1,1,1,3.5,7,90000),(4,1,1,1,0.75,3.5,45000),(5,7,1,1,3.5,7,81000),(6,3,1,1,NULL,NULL,20000),(7,4,1,1,NULL,NULL,75000),(9,1,1,1,10,19,225000),(10,1,1,1,19,33,270000),(11,7,1,1,0.75,3.5,40500),(12,7,1,1,10,19,202500),(13,7,1,1,19,33,243000),(14,7,1,1,0,3.5,40500),(15,1,2,1,3.5,7,90000),(16,1,2,1,7,10,150000),(17,1,2,1,10,19,210000),(18,1,2,1,19,33,270000),(19,7,1,1,7,10,121000),(20,7,2,1,7,10,135000),(21,7,2,1,10,19,189000),(23,3,1,1,150,15,15000),(24,2,1,1,3.5,7,90000),(25,2,1,1,7,10,135000),(26,2,1,1,10,19,225000),(27,2,1,1,19,33,270000),(28,2,2,1,3.5,7,90000),(29,2,2,1,7,10,150000),(30,2,2,1,10,19,210000),(31,2,2,1,19,33,270000),(32,6,1,1,0,0,75000),(33,6,2,1,0,0,75000),(34,7,2,1,19,33,243000),(37,5,2,1,10,19,210000),(38,7,2,1,3.5,7,81000),(39,5,2,1,3.5,7,90000),(40,5,2,1,7,10,150000),(41,5,2,1,19,26,270000),(42,10,2,1,3.5,56,0);
/*!40000 ALTER TABLE `ct_droit_ptac` ENABLE KEYS */;
UNLOCK TABLES;

--
-- Table structure for table `ct_expression_besoin`
--

DROP TABLE IF EXISTS `ct_expression_besoin`;
/*!40101 SET @saved_cs_client     = @@character_set_client */;
/*!50503 SET character_set_client = utf8mb4 */;
CREATE TABLE `ct_expression_besoin` (
  `id` int NOT NULL AUTO_INCREMENT,
  `ct_centre_id` int DEFAULT NULL,
  `edb_numero` varchar(32) COLLATE utf8mb3_unicode_ci NOT NULL,
  `edb_date_edit` date NOT NULL,
  `user_id` int DEFAULT NULL,
  `edb_created_at` datetime DEFAULT NULL COMMENT '(DC2Type:datetime_immutable)',
  `edb_updated_at` datetime DEFAULT NULL COMMENT '(DC2Type:datetime_immutable)',
  PRIMARY KEY (`id`),
  UNIQUE KEY `UNIQ_F32A351F82C8474ED600094F` (`ct_centre_id`,`edb_numero`),
  KEY `IDX_F32A351F82C8474E` (`ct_centre_id`),
  KEY `IDX_F32A351FA76ED395` (`user_id`),
  CONSTRAINT `FK_F32A351F82C8474E` FOREIGN KEY (`ct_centre_id`) REFERENCES `ct_centre` (`id`),
  CONSTRAINT `FK_F32A351FA76ED395` FOREIGN KEY (`user_id`) REFERENCES `user` (`id`)
) ENGINE=InnoDB AUTO_INCREMENT=17 DEFAULT CHARSET=utf8mb3 COLLATE=utf8mb3_unicode_ci;
/*!40101 SET character_set_client = @saved_cs_client */;

--
-- Dumping data for table `ct_expression_besoin`
--

LOCK TABLES `ct_expression_besoin` WRITE;
/*!40000 ALTER TABLE `ct_expression_besoin` DISABLE KEYS */;
INSERT INTO `ct_expression_besoin` VALUES (12,3,'N° 0100-CENSERO/BGL/23','2023-06-13',4,'2023-06-13 11:33:15',NULL),(13,3,'N° 0069-CENSERO/BGL/23','2023-06-12',4,'2023-06-12 07:50:50',NULL),(14,3,'N° 1001-CENSERO/BGL/23','2023-07-31',4,'2023-07-31 05:18:09',NULL),(15,3,'N° 1002-CENSERO/BGL/23','2023-08-01',4,'2023-08-01 14:48:47',NULL),(16,3,'N° 2023-CENSERO/BGL/23','2023-08-04',4,'2023-08-04 11:30:13',NULL);
/*!40000 ALTER TABLE `ct_expression_besoin` ENABLE KEYS */;
UNLOCK TABLES;

--
-- Table structure for table `ct_genre`
--

DROP TABLE IF EXISTS `ct_genre`;
/*!40101 SET @saved_cs_client     = @@character_set_client */;
/*!50503 SET character_set_client = utf8mb4 */;
CREATE TABLE `ct_genre` (
  `id` int NOT NULL AUTO_INCREMENT,
  `ct_genre_categorie_id` int DEFAULT NULL,
  `gr_libelle` varchar(255) COLLATE utf8mb3_unicode_ci DEFAULT NULL,
  `gr_code` varchar(50) COLLATE utf8mb3_unicode_ci DEFAULT NULL,
  PRIMARY KEY (`id`),
  UNIQUE KEY `UNIQ_9BCBF2CE12DA9529BB58A5617985B641` (`ct_genre_categorie_id`,`gr_libelle`,`gr_code`),
  KEY `IDX_9BCBF2CE12DA9529` (`ct_genre_categorie_id`),
  CONSTRAINT `FK_9BCBF2CE12DA9529` FOREIGN KEY (`ct_genre_categorie_id`) REFERENCES `ct_genre_categorie` (`id`)
) ENGINE=InnoDB AUTO_INCREMENT=21 DEFAULT CHARSET=utf8mb3 COLLATE=utf8mb3_unicode_ci;
/*!40101 SET character_set_client = @saved_cs_client */;

--
-- Dumping data for table `ct_genre`
--

LOCK TABLES `ct_genre` WRITE;
/*!40000 ALTER TABLE `ct_genre` DISABLE KEYS */;
INSERT INTO `ct_genre` VALUES (13,1,'CAM','CAM'),(6,1,'CTTE','CTTE'),(5,1,'TCP','TCP'),(9,1,'VP','VP'),(14,2,'TRR','TRR'),(1,3,'CYCLO','CYCLO'),(2,3,'MOTO','MOTO'),(3,3,'QUAD','QUAD'),(7,3,'TRICL','TRICL'),(8,3,'VELO','VELO'),(10,4,'VTST','VTST'),(20,5,'VASP','VASP'),(12,5,'VTSU','VTSU'),(15,6,'TA','TA'),(16,7,'REA','REA'),(11,7,'REM','REM'),(17,7,'SREA','SREA'),(4,7,'SREM','SREM'),(18,9,'TMT','TMT'),(19,10,'CAM ADM','CAM ADM');
/*!40000 ALTER TABLE `ct_genre` ENABLE KEYS */;
UNLOCK TABLES;

--
-- Table structure for table `ct_genre_categorie`
--

DROP TABLE IF EXISTS `ct_genre_categorie`;
/*!40101 SET @saved_cs_client     = @@character_set_client */;
/*!50503 SET character_set_client = utf8mb4 */;
CREATE TABLE `ct_genre_categorie` (
  `id` int NOT NULL AUTO_INCREMENT,
  `gc_libelle` varchar(255) COLLATE utf8mb3_unicode_ci DEFAULT NULL,
  `gc_is_calculable` tinyint(1) NOT NULL,
  PRIMARY KEY (`id`),
  UNIQUE KEY `UNIQ_1094DB80E3F353` (`gc_libelle`)
) ENGINE=InnoDB AUTO_INCREMENT=11 DEFAULT CHARSET=utf8mb3 COLLATE=utf8mb3_unicode_ci;
/*!40101 SET character_set_client = @saved_cs_client */;

--
-- Dumping data for table `ct_genre_categorie`
--

LOCK TABLES `ct_genre_categorie` WRITE;
/*!40000 ALTER TABLE `ct_genre_categorie` DISABLE KEYS */;
INSERT INTO `ct_genre_categorie` VALUES (1,'VÉHICULE À MOTEUR',1),(2,'TRACTEURS ROUTIERS',1),(3,'CYCLOMOTEUR',0),(4,'VÉHICULES TRÈS SPÉCIAUX DE TRANSPORT',0),(5,'VEHICULES TRES SPECIAUX POUR USAGES DIVERS',1),(6,'TRACTEURS AGRICOLES',0),(7,'REMORQUE OU SEMI-REMORQUE - REMORQUE AGRICOLES OU SEMI-REMORQUE AGRICOLES',1),(8,'VASP',0),(9,'TRICYCLE',0),(10,'VÉHICULE ADMINISTRATEUR',0);
/*!40000 ALTER TABLE `ct_genre_categorie` ENABLE KEYS */;
UNLOCK TABLES;

--
-- Table structure for table `ct_imprime_tech`
--

DROP TABLE IF EXISTS `ct_imprime_tech`;
/*!40101 SET @saved_cs_client     = @@character_set_client */;
/*!50503 SET character_set_client = utf8mb4 */;
CREATE TABLE `ct_imprime_tech` (
  `id` int NOT NULL AUTO_INCREMENT,
  `user_id` int DEFAULT NULL,
  `nom_imprime_tech` varchar(128) COLLATE utf8mb3_unicode_ci NOT NULL,
  `unite_imprime_tech` varchar(64) COLLATE utf8mb3_unicode_ci NOT NULL,
  `abrev_imprime_tech` varchar(64) COLLATE utf8mb3_unicode_ci DEFAULT NULL,
  `prtt_created_at` datetime DEFAULT NULL COMMENT '(DC2Type:datetime_immutable)',
  `prtt_updated_at` datetime DEFAULT NULL COMMENT '(DC2Type:datetime_immutable)',
  PRIMARY KEY (`id`),
  UNIQUE KEY `UNIQ_3F49AE4290F3F7145036F6C9BB935DB5` (`nom_imprime_tech`,`unite_imprime_tech`,`abrev_imprime_tech`),
  KEY `IDX_3F49AE42A76ED395` (`user_id`),
  CONSTRAINT `FK_3F49AE42A76ED395` FOREIGN KEY (`user_id`) REFERENCES `user` (`id`)
) ENGINE=InnoDB AUTO_INCREMENT=17 DEFAULT CHARSET=utf8mb3 COLLATE=utf8mb3_unicode_ci;
/*!40101 SET character_set_client = @saved_cs_client */;

--
-- Dumping data for table `ct_imprime_tech`
--

LOCK TABLES `ct_imprime_tech` WRITE;
/*!40000 ALTER TABLE `ct_imprime_tech` DISABLE KEYS */;
INSERT INTO `ct_imprime_tech` VALUES (1,15,'Carnet d\'entretien','Pièce','CE','2021-07-21 19:52:16','2023-05-22 11:11:25'),(2,15,'Carte blanche','Pièce','CB','2021-07-22 19:52:15','2023-05-22 11:11:15'),(3,4,'CIM 31 AE','Pièce','CIM31AE','2021-07-23 19:52:15','2023-07-31 11:16:19'),(4,15,'Carte jaune','Pièce','CJ','2021-07-24 19:52:15','2023-05-22 11:11:05'),(5,15,'Carte jaune barrée rouge','Pièce','CJBR','2021-07-25 19:52:15','2023-05-22 11:08:25'),(6,15,'Carte rouge','Pièce','CR','2021-07-26 19:52:15','2023-05-22 11:10:55'),(7,4,'Carte auto-école','Piece','CAE','2021-07-27 19:52:15','2022-10-14 14:01:56'),(8,15,'Plaque chassis','Pièce','PC','2021-07-28 19:52:15','2023-05-22 11:10:46'),(9,15,'CIM 31','Pièce','CIM31','2021-07-29 19:52:15','2023-05-22 11:07:38'),(10,15,'CIM 31 Bis','Pièce','CIM31B','2021-07-30 19:52:15','2023-05-22 11:07:26'),(11,4,'CIM 32','Pièce','CIM32','2021-07-31 19:52:15','2023-07-31 11:16:01'),(12,4,'PVO','Piece','PVO','2021-08-01 19:52:15','2022-10-14 14:05:23'),(13,4,'PVMAE','Pièce','PVMAE','2021-08-02 19:52:15','2023-07-31 10:22:47'),(14,4,'PVMAEC','Pièce','PVMAEC','2021-08-02 19:52:15','2023-07-31 10:23:00'),(15,4,'PVMAER','Pièce','PVMAER','2021-11-10 21:11:15','2023-07-31 10:23:12');
/*!40000 ALTER TABLE `ct_imprime_tech` ENABLE KEYS */;
UNLOCK TABLES;

--
-- Table structure for table `ct_marque`
--

DROP TABLE IF EXISTS `ct_marque`;
/*!40101 SET @saved_cs_client     = @@character_set_client */;
/*!50503 SET character_set_client = utf8mb4 */;
CREATE TABLE `ct_marque` (
  `id` int NOT NULL AUTO_INCREMENT,
  `mrq_libelle` varchar(255) COLLATE utf8mb3_unicode_ci DEFAULT NULL,
  PRIMARY KEY (`id`),
  UNIQUE KEY `UNIQ_95CD9F96501FD1AD` (`mrq_libelle`)
) ENGINE=InnoDB AUTO_INCREMENT=810 DEFAULT CHARSET=utf8mb3 COLLATE=utf8mb3_unicode_ci;
/*!40101 SET character_set_client = @saved_cs_client */;

--
-- Dumping data for table `ct_marque`
--

LOCK TABLES `ct_marque` WRITE;
/*!40000 ALTER TABLE `ct_marque` DISABLE KEYS */;
INSERT INTO `ct_marque` VALUES (200,'-'),(261,'ABM'),(432,'ACKERMANN'),(290,'ACTM'),(552,'AEON'),(589,'AFRIT'),(782,'AIMIX'),(628,'AKASML LTD'),(644,'ALAMEER'),(434,'ALCAR'),(3,'ALFA'),(102,'ALFA ROMEO'),(619,'AMW'),(171,'AOTONG'),(452,'APRILIA'),(540,'ARCTICCAT'),(463,'ARDOR'),(795,'ARMATRAC'),(366,'ARO'),(770,'ARTIC CAT'),(334,'ASCA'),(375,'ASHOK LEYLAND'),(4,'ASIA'),(270,'ASTRA'),(738,'ATESPAR'),(426,'ATLAS'),(338,'ATOM'),(157,'ATUL'),(5,'AUDI'),(6,'AUSTIN'),(689,'AUTO-BIANCHI'),(269,'AVIA'),(479,'AXOS'),(299,'BAIC'),(7,'BAJAJ'),(382,'BAJETFOND'),(8,'BAOTIAN'),(228,'BAW'),(352,'BEB-IFA'),(435,'BEDFORD'),(191,'BEIBEN'),(776,'BELARUS'),(236,'BELL'),(242,'BENALU'),(655,'BENELLI'),(530,'BERETTA'),(9,'BERLIET'),(345,'BERNA'),(405,'BERTONE'),(751,'BETA XTRAINER'),(433,'BFM'),(805,'BIZIEN'),(292,'BLUE BIRD'),(10,'BMW'),(461,'BOBCAT'),(483,'BONG'),(603,'BORDIER'),(369,'BOVA'),(442,'BOXER'),(474,'BRAND'),(606,'BRIAN JAMES'),(173,'BRILLANCE'),(459,'BSL'),(557,'BUGGY'),(467,'BULTACO'),(421,'BULTHUIS'),(471,'BURG'),(638,'BURGMAN'),(275,'BYD'),(285,'CADILLAC'),(233,'CALABRESE'),(567,'CAMC'),(607,'CAN-AM'),(670,'CANMAX'),(356,'CAR PTECHAR'),(445,'CARBON STEEL TANKER'),(602,'CARGO TRAILER'),(393,'CASE'),(688,'CASELLI'),(377,'CASTERA'),(395,'CATERPILLAR'),(807,'CAZAUBON'),(779,'CENTREVILLE'),(614,'CERES'),(769,'CEYM'),(174,'CF MOTO'),(575,'CHAGAE'),(231,'CHANA'),(287,'CHANGAN'),(593,'CHANGHE'),(808,'CHAOXION'),(716,'CHENGLONG'),(798,'CHENLU'),(222,'CHERRY QQ'),(266,'CHERY'),(11,'CHEVROLET'),(561,'CHEYSEN ET VERPOORT'),(390,'CHHGC'),(341,'CHIEFTAIN TRAILER'),(333,'CHINE'),(248,'CHRYSLER'),(702,'CHYG'),(162,'CIMC'),(381,'CIME'),(220,'CITO'),(12,'CITROEN'),(215,'CIVACON'),(438,'CLASS'),(527,'CLICK'),(218,'CMC'),(590,'CNJ'),(260,'CODER'),(309,'COGEL'),(709,'COUNTRY'),(506,'CROSSLAND'),(13,'DACIA'),(635,'DAELIM'),(14,'DAEWOO'),(216,'DAF'),(15,'DAIHATSU'),(16,'DAIMLER BENZ'),(616,'DALI DFAS'),(693,'DANDONG'),(298,'DANG FENG'),(560,'DANGAN'),(311,'DATSUN'),(548,'DAUDIN'),(559,'DAWN'),(17,'DAYTONA'),(18,'DAYUN'),(694,'DEAN'),(759,'DEFENDER'),(613,'DEFILLIPPI'),(427,'DENNISON'),(509,'DERRUPE'),(757,'DERUN'),(501,'DESOT'),(609,'DEUTZ'),(596,'DEVES'),(232,'DFAC'),(755,'DFAM'),(19,'DFM'),(737,'DFRUN'),(20,'DFSK'),(572,'DISMOUNTLE'),(274,'DODGE'),(331,'DOLL'),(774,'DONG MENG'),(21,'DONGFENG'),(473,'DONGOU'),(722,'DRACO'),(539,'DS'),(531,'DSL'),(252,'DUCATI'),(555,'DUDU'),(436,'DUTCH LANKA'),(306,'EBRO'),(762,'ECOLOGIC'),(164,'EICHER'),(521,'EKW'),(423,'EL MATADOR'),(156,'ELMATADOR'),(621,'ENRANGER'),(416,'ERHARDT'),(488,'ESGE MOG'),(358,'ESL'),(673,'EYZERI'),(273,'FABRINO'),(149,'FAN'),(524,'FANJIABAO'),(22,'FANMOTO'),(794,'FANTIC'),(165,'FARMTRAC'),(259,'FAW'),(547,'FAYMONVILL'),(394,'FENWIICK'),(23,'FIAT'),(767,'FIORI'),(24,'FIVER'),(700,'FIVESTAR'),(326,'FLANDRIA'),(404,'FLAT BED'),(525,'FLIEGL'),(744,'FLOOR'),(650,'FOCURS'),(302,'FORCE'),(25,'FORD'),(168,'FORLAND'),(502,'FORSS PARATORSOFT'),(685,'FOSHAN ULTRATON'),(158,'FOTON'),(26,'FRANCEMOTOR'),(27,'FRANCERIDER'),(542,'FREELANDER'),(190,'FREQUENCE'),(28,'FRUEHAUF'),(430,'FRUJAT'),(443,'FSO'),(686,'FUEM'),(329,'FUJITA'),(486,'FULL TRAILLER'),(29,'FUQI'),(212,'FUSO'),(799,'FUTIAN'),(30,'FUWA'),(31,'FYM'),(519,'FZBAO JUNG'),(718,'GAAC'),(408,'GAC'),(520,'GAINABLE'),(32,'GALLOPER'),(351,'GAZ'),(203,'GAZELLE'),(33,'GEELY'),(239,'GENERAL'),(276,'GENTRAIL'),(802,'GEYSEN VERPOORT'),(577,'GILERA'),(431,'GILIBERT'),(511,'GINAF'),(809,'GINC'),(583,'GLAMOUR'),(339,'GLLIONS'),(281,'GMC'),(574,'GME'),(773,'GODREJ'),(733,'GOES'),(167,'GOLDEN DRAGON'),(410,'GOLDENSTONE'),(407,'GOLDESTONE'),(301,'GONOU'),(289,'GONOW'),(182,'GORICA'),(230,'GRACE'),(312,'GRAND TIGER'),(206,'GRAV TASKER'),(34,'GREAT WALL'),(343,'GROENEWEGEN'),(425,'GROVE'),(610,'GS MEPPEL'),(626,'GSR'),(204,'GSV'),(672,'GUOWEI'),(462,'GURLESENYIL TREYLER'),(727,'GUZZI'),(263,'HAFEI'),(347,'HAI HONG'),(464,'HAIMA FSTAR'),(611,'HALL'),(35,'HAOJIANG'),(675,'HAOJIN'),(170,'HAOJUE'),(166,'HARLEY DAVIDSON'),(155,'HARTFORD'),(415,'HAVAL'),(743,'HAWTAI'),(684,'HELI'),(211,'HELLOO'),(457,'HERMANS'),(332,'HERO'),(446,'HEULIEZ'),(478,'HIGER'),(687,'HIMALAYAN'),(320,'HINO'),(176,'HISUN'),(771,'HM'),(597,'HOHAN'),(36,'HONDA'),(271,'HONGXAN'),(185,'HOWO'),(746,'HUAJIN'),(195,'HUAJUN'),(37,'HUAWIN'),(235,'HUMMER'),(783,'HUNTER'),(775,'HUOSUNG'),(38,'HUSQVARNA'),(777,'HVT'),(750,'HYD'),(791,'HYOSUNG'),(297,'HYSTER'),(625,'HYTRACK'),(39,'HYUNDAI'),(325,'IFA'),(163,'INFINITI'),(563,'INST'),(40,'ISUZU'),(41,'IVECO'),(42,'JAC'),(573,'JAGUAR'),(543,'JAHITA'),(710,'JAWA PERAK'),(364,'JBC'),(272,'JDALISHI'),(178,'JEEP'),(277,'JHON DEERE'),(601,'JI CASE INTERNATIONAL'),(321,'JIA BAO FAW'),(761,'JIAN XING'),(721,'JIANLONG'),(43,'JIANSHE'),(516,'JIBEI'),(801,'JIEFANG'),(544,'JIHNE'),(183,'JIN BEI'),(44,'JIN MA'),(293,'JINBEI'),(736,'JINCHAI'),(617,'JINHEXING'),(243,'JINNA-554'),(45,'JMC'),(342,'JOHN DEERE'),(46,'JONWAY'),(456,'JOST'),(713,'JOYLONG'),(283,'JUMBO TITAN'),(337,'JUPITER'),(465,'KAESER'),(428,'KAESS BOHRER'),(748,'KAIDIJIE'),(758,'KAISER'),(291,'KAISSER'),(742,'KAIYI'),(765,'KALMAR'),(424,'KAMA'),(528,'KAMAZ'),(70,'KARENJY'),(493,'KAVAKI'),(47,'KAWASAKI'),(409,'KEARNEYS'),(48,'KEEWAY'),(549,'KEL - BERG'),(49,'KEMBO'),(50,'KENBO'),(753,'KENWORTH'),(704,'KEYTON'),(51,'KIA'),(172,'KIDEN'),(52,'KING LION'),(379,'KINGA'),(53,'KINGRING'),(54,'KINLON'),(55,'KLM'),(392,'KOGEL'),(278,'KORANDO'),(477,'KOSTCHENREUTARE'),(608,'KOTSCHENREUTHER'),(361,'KRAKER'),(523,'KROME'),(450,'KROMKOUT'),(350,'KRONE'),(564,'KTM'),(719,'KUBOTA'),(56,'KWANG YANG'),(57,'KYMCO'),(453,'LADA'),(448,'LADA NIVA'),(262,'LADA VAZ'),(487,'LAFON ABILAMA'),(223,'LAG'),(241,'LANCIA'),(58,'LAND ROVER'),(591,'LANDINI'),(656,'LANDWIND'),(357,'LAOAN'),(730,'LAPORT'),(536,'LATRE'),(403,'LAWRENCE DAVID'),(189,'LECINENA'),(199,'LECITRAILER'),(429,'LEDEBERG'),(348,'LEGRAS'),(227,'LEXUS'),(634,'LEYLAND'),(724,'LEYLAND DAF'),(766,'LIEBHERR'),(59,'LIFAN'),(550,'LINCOLN'),(797,'LINHAI'),(512,'LINKBELT'),(522,'LISEN DONGGUAN'),(517,'LOAN'),(500,'LOHEAC'),(213,'LOHR'),(566,'LONCIN'),(804,'LOTUS'),(496,'LOUAULT'),(254,'LOVAULT'),(729,'LOWBED'),(588,'LSS'),(529,'LTK'),(717,'LUCHINJIE'),(695,'LUCKY'),(605,'LUFENG'),(763,'LUOYANG LONGPAI'),(760,'LUXI'),(316,'MACK'),(152,'MADA'),(633,'MADO'),(683,'MAFI'),(363,'MAGIRUS'),(504,'MAGYER BREAK'),(61,'MAHINDRA'),(507,'MAISON NEUVE'),(482,'MAK'),(221,'MAN'),(582,'MANITOU'),(466,'MANULLER'),(495,'MARMON'),(422,'MARUTI'),(690,'MASERATI'),(288,'MASH'),(151,'MASSEY FERGUSO'),(62,'MASSEY FERGUSON'),(796,'MASSO'),(515,'MATRA'),(553,'MAZ'),(88,'MAZDA'),(676,'MEHARI'),(735,'MEI TONG'),(752,'MENCI'),(353,'MENG NIU'),(64,'MERCEDES BENZ'),(202,'MERCERON'),(508,'MERNIWORTH'),(300,'METACO'),(787,'MF'),(739,'MGRX8'),(726,'MGT60'),(725,'MGZS'),(449,'MIADEMA'),(210,'MIGHTY'),(150,'MILANGO'),(335,'MINGWEI'),(247,'MINI'),(257,'MINICOOPER'),(336,'MINIONE'),(90,'MITSUBISHI'),(380,'MOL'),(412,'MONTENEGRO'),(420,'MONTI'),(458,'MONTRACON'),(785,'MORDISGAGE'),(109,'MUDAN'),(323,'MUSSO'),(781,'MUTTI AMOS'),(728,'MV AGUSTA'),(398,'NAVECO'),(354,'NEOPLAN'),(701,'NEW ABM'),(383,'NEW MADA MOTOR'),(538,'NICOLAS'),(117,'NIKILON'),(558,'NIPPON'),(96,'NISSAN'),(680,'NITRO'),(780,'NIVA'),(756,'NOOTEBOOM'),(470,'OKT TRAILLER'),(237,'OM'),(642,'ONE MAX'),(82,'OPEL'),(469,'OUTDOOR'),(705,'OUTLANDER'),(749,'OVA'),(498,'OZGUL'),(161,'PACIFIC'),(214,'PACTON'),(340,'PANDA'),(256,'PARISDAKAR'),(441,'PATRIGFON'),(317,'PECTRO'),(413,'PEREE'),(139,'PETER'),(315,'PETERBILT'),(97,'PEUGEOT'),(706,'PGO'),(447,'PIACHI'),(73,'PIAGGIO'),(224,'PICK UP'),(712,'PINZGAUER'),(806,'PITT'),(741,'PLAN MARINE'),(154,'POLARIS'),(568,'POMIERS'),(541,'POMO'),(286,'PONTIAC'),(246,'PORSCHE'),(532,'PORTE CONTAINER'),(399,'PPM'),(497,'PRBAMRAV'),(711,'PRECTO'),(598,'PULSAR'),(159,'QINGDAO'),(160,'QINGDI'),(703,'QINGQI'),(324,'QJ'),(349,'QUADRO'),(786,'QUING QI'),(258,'RANGE ROVER'),(389,'RANGER MOTOR'),(490,'RCJ'),(98,'RENAULT'),(208,'RENDERS'),(419,'REXTON'),(401,'RJWF'),(255,'ROBUSTE'),(707,'ROCK STAR'),(406,'ROR'),(169,'ROVER'),(472,'ROYAL'),(175,'ROYAL ENFIELD'),(411,'RPB'),(618,'SAAB'),(140,'SAFARI'),(732,'SAMCO'),(475,'SAME'),(181,'SAMRO'),(264,'SAMSUNG'),(595,'SANDI'),(284,'SANTANA AIXAM'),(658,'SANY'),(137,'SANYA'),(556,'SAS'),(344,'SAURER'),(346,'SAURER/BERNA'),(319,'SAVIEM'),(715,'SAZGAR'),(201,'SCANIA'),(533,'SCD'),(308,'SCHMITZ'),(279,'SCHOUTZ'),(360,'SCHWARZMULLER'),(468,'SCHWERINER MOG'),(355,'SCORT'),(615,'SDC TRAILERS'),(244,'SEAT'),(205,'SEG'),(526,'SEMIBNNE'),(439,'SENDER'),(134,'SENKE'),(476,'SETRA'),(268,'SHAANXI'),(99,'SHACMAN'),(665,'SHAN DONG'),(714,'SHANGLING'),(551,'SHANYANG'),(196,'SHENZHEN'),(692,'SHERCO 500'),(104,'SHINERAY'),(745,'SHODAN'),(240,'SIAT'),(93,'SIMCA'),(669,'SINO TRAILERS'),(192,'SINO TRUCK'),(144,'SINOTRUK'),(800,'SITAIER'),(699,'SITRAK'),(571,'SKELETON'),(322,'SKODA'),(187,'SMART'),(565,'SOJEN'),(778,'SOLIS'),(440,'SONALIKA'),(562,'SOON WING TRAILERS'),(579,'SOR'),(578,'SOR IBERICA'),(518,'SOVAMAG'),(368,'SPITZEREUR'),(772,'SRT'),(60,'SSANGYONG'),(667,'STAGE PARTNER PENZ'),(384,'STECATHER'),(314,'STERLING'),(546,'STEYR'),(295,'STORM'),(217,'SUBARU'),(129,'SUKIDA'),(318,'SUMB'),(455,'SUNSKY'),(397,'SUPERMAN'),(480,'SUVTM'),(80,'SUZUKI'),(130,'SYM'),(651,'SYMPHONY'),(697,'SYSTEM TRAILER'),(631,'T-KING'),(253,'TALBOT'),(503,'TANK TRAILER'),(177,'TANKER'),(581,'TAO'),(229,'TATA'),(313,'TATRA'),(387,'TEILHOL'),(600,'TERBERG'),(373,'TEREX'),(584,'TERRI'),(484,'TERRY'),(587,'TGM'),(510,'THOMAS'),(310,'THT'),(645,'THUNDER TIGER'),(265,'TICO'),(234,'TITAN'),(330,'TKING'),(671,'TNT MOTOR'),(708,'TONG SHUN DA'),(604,'TOP STAR'),(494,'TOTY'),(91,'TOYOTA'),(803,'TR\'AX'),(594,'TRABOSA'),(491,'TRAGO'),(643,'TRAILER'),(627,'TRAILIS'),(84,'TRAILOR'),(629,'TRENDER'),(570,'TRICYCLE LX150'),(371,'TRIUMPH'),(245,'TROUILLET'),(720,'TRUCK BODIES'),(592,'TUNICOM'),(585,'TURBO\'HOET'),(659,'TURBO\'S HOET'),(554,'TVS'),(197,'TVS KING'),(681,'UM'),(367,'UNIC'),(282,'UNIMOG'),(386,'V13'),(209,'VANHOOL'),(207,'VANTOLL'),(454,'VASP'),(576,'VCC MAVERICK'),(768,'VEBIFA'),(418,'VENTURE'),(649,'VEREM'),(417,'VESPA'),(764,'VIAL'),(226,'VIBERTI'),(372,'VICTORY'),(186,'VIVA'),(492,'VIVERTI'),(328,'VOGELZANG'),(85,'VOLKSWAGEN'),(89,'VOLVO'),(489,'VY TAOBAVY'),(146,'WAKAZA'),(460,'WALL'),(545,'WAW'),(505,'WIELTON'),(513,'WILLIS'),(180,'WULING'),(630,'WUYUE'),(654,'WUZHENG'),(250,'XCMG'),(294,'XCMGDY60K'),(249,'XCMGQYEOK'),(784,'XINGYUE'),(194,'XINRIGANG'),(747,'XINYONGCHENG'),(663,'XINYU'),(723,'XU GONG'),(599,'XV TRAILERS'),(402,'XVRAILERS'),(537,'XWAY'),(682,'YAL'),(86,'YAMAHA'),(100,'YAMALO'),(219,'YANGZI'),(754,'YAZUKI'),(698,'YI CHANGXING YAO'),(193,'YINDAO'),(225,'YONG QIANG'),(359,'YONSLAND'),(305,'YORK'),(396,'YTO'),(362,'YUEJIN'),(365,'YULONG'),(370,'YUTONG'),(534,'ZASEAW'),(307,'ZASLAW'),(586,'ZAVA'),(267,'ZHEJIANG'),(678,'ZHONGENG'),(646,'ZIL'),(251,'ZNA'),(118,'ZONGSHEN'),(63,'ZONGXI'),(179,'ZONTES'),(653,'ZOOMLION'),(304,'ZOTYE'),(385,'ZWALVE'),(111,'ZX AUTO'),(374,'ZX LANDMARK');
/*!40000 ALTER TABLE `ct_marque` ENABLE KEYS */;
UNLOCK TABLES;

--
-- Table structure for table `ct_motif`
--

DROP TABLE IF EXISTS `ct_motif`;
/*!40101 SET @saved_cs_client     = @@character_set_client */;
/*!50503 SET character_set_client = utf8mb4 */;
CREATE TABLE `ct_motif` (
  `id` int NOT NULL AUTO_INCREMENT,
  `mtf_libelle` varchar(255) COLLATE utf8mb3_unicode_ci DEFAULT NULL,
  `mtf_is_calculable` tinyint(1) NOT NULL,
  PRIMARY KEY (`id`),
  UNIQUE KEY `UNIQ_9F48B68D95A08E52` (`mtf_libelle`)
) ENGINE=InnoDB AUTO_INCREMENT=24 DEFAULT CHARSET=utf8mb3 COLLATE=utf8mb3_unicode_ci;
/*!40101 SET character_set_client = @saved_cs_client */;

--
-- Dumping data for table `ct_motif`
--

LOCK TABLES `ct_motif` WRITE;
/*!40000 ALTER TABLE `ct_motif` DISABLE KEYS */;
INSERT INTO `ct_motif` VALUES (3,'PESAGE TOUS VÉHICULES',0),(5,'CHGMT NB DE PL PTAC 3,5T ET PLUS (SANS TRANSF° GENRE OU DE CARROS)',0),(6,'REMPLACEMENT DE CADRE OU DE COQUE',0),(7,'TRANSFORMATION DE CHASSIS',0),(9,'TRANSFORMATION ENTRAINANT CHANGEMENT DE GENRE',0),(10,'CHANGEMENT DE MOTEUR',0),(11,'ERREUR DE TRANSCRIPTION',0),(12,'PERTE DE PLAQUE DE CONSTRUCTEUR',0),(13,'VÉHICULE PROVENANT D\'UNE VENTE AUX ENCHÈRES',1),(14,'CHGMT NB DE PL PTAC MOINS 3,5T (SANS TRANSF° GENRE OU DE CARROS)',0),(15,'VEHICULE NEUF IMPORTE (VNI)',1),(16,'VEHICULE USAGE IMPORTE (VUI)',1),(18,'VÉHICULE NEUF IMPORTE(VNI)',1),(20,'TRANSFORMATION DE CARROSSERIE',0),(21,'DISCORDANCE CG ET VHL ET ERREUR DE TRANSCRIPTION',0),(22,'VEHICULE RECONSTITUE',1),(23,'VEHICULE NEUF GARAGE (VNG)',1);
/*!40000 ALTER TABLE `ct_motif` ENABLE KEYS */;
UNLOCK TABLES;

--
-- Table structure for table `ct_motif_tarif`
--

DROP TABLE IF EXISTS `ct_motif_tarif`;
/*!40101 SET @saved_cs_client     = @@character_set_client */;
/*!50503 SET character_set_client = utf8mb4 */;
CREATE TABLE `ct_motif_tarif` (
  `id` int NOT NULL AUTO_INCREMENT,
  `ct_motif_id` int DEFAULT NULL,
  `ct_arrete_prix_id` int DEFAULT NULL,
  `mtf_trf_prix` double DEFAULT NULL,
  `mtf_trf_date` varchar(4) COLLATE utf8mb3_unicode_ci DEFAULT NULL,
  PRIMARY KEY (`id`),
  UNIQUE KEY `UNIQ_110F10F876255A6845348DE0` (`ct_arrete_prix_id`,`ct_motif_id`),
  KEY `IDX_110F10F845348DE0` (`ct_motif_id`),
  KEY `IDX_110F10F876255A68` (`ct_arrete_prix_id`),
  CONSTRAINT `FK_110F10F845348DE0` FOREIGN KEY (`ct_motif_id`) REFERENCES `ct_motif` (`id`),
  CONSTRAINT `FK_110F10F876255A68` FOREIGN KEY (`ct_arrete_prix_id`) REFERENCES `ct_arrete_prix` (`id`)
) ENGINE=InnoDB AUTO_INCREMENT=50 DEFAULT CHARSET=utf8mb3 COLLATE=utf8mb3_unicode_ci;
/*!40101 SET character_set_client = @saved_cs_client */;

--
-- Dumping data for table `ct_motif_tarif`
--

LOCK TABLES `ct_motif_tarif` WRITE;
/*!40000 ALTER TABLE `ct_motif_tarif` DISABLE KEYS */;
INSERT INTO `ct_motif_tarif` VALUES (2,3,1,15000,'2017'),(4,5,1,75000,'2017'),(5,6,1,45000,'2017'),(6,7,1,45000,'2017'),(8,9,1,188000,'2017'),(9,10,1,45000,'2017'),(10,11,1,35000,'2017'),(11,12,1,58500,'2017'),(12,14,1,60000,'2017'),(17,20,1,113000,'2017'),(18,22,1,45000,'2017'),(19,21,1,35000,'2017');
/*!40000 ALTER TABLE `ct_motif_tarif` ENABLE KEYS */;
UNLOCK TABLES;

--
-- Table structure for table `ct_proces_verbal`
--

DROP TABLE IF EXISTS `ct_proces_verbal`;
/*!40101 SET @saved_cs_client     = @@character_set_client */;
/*!50503 SET character_set_client = utf8mb4 */;
CREATE TABLE `ct_proces_verbal` (
  `id` int NOT NULL AUTO_INCREMENT,
  `ct_arrete_prix_id` int DEFAULT NULL,
  `pv_type` varchar(255) COLLATE utf8mb3_unicode_ci DEFAULT NULL,
  `pv_tarif` double DEFAULT NULL,
  PRIMARY KEY (`id`),
  UNIQUE KEY `UNIQ_556CD10D76255A68BBA631A6` (`ct_arrete_prix_id`,`pv_type`),
  KEY `IDX_556CD10D76255A68` (`ct_arrete_prix_id`),
  CONSTRAINT `FK_556CD10D76255A68` FOREIGN KEY (`ct_arrete_prix_id`) REFERENCES `ct_arrete_prix` (`id`)
) ENGINE=InnoDB AUTO_INCREMENT=8 DEFAULT CHARSET=utf8mb3 COLLATE=utf8mb3_unicode_ci;
/*!40101 SET character_set_client = @saved_cs_client */;

--
-- Dumping data for table `ct_proces_verbal`
--

LOCK TABLES `ct_proces_verbal` WRITE;
/*!40000 ALTER TABLE `ct_proces_verbal` DISABLE KEYS */;
INSERT INTO `ct_proces_verbal` VALUES (1,1,'VT_APTE',2000),(2,1,'VT_INAPTE',4000),(3,1,'VT_DOM',2000),(4,1,'RT_ISOLE',4000),(5,1,'RT_TYPE',2000),(6,1,'CAD',2000),(7,1,'VT_DOM_INAPTE',4000);
/*!40000 ALTER TABLE `ct_proces_verbal` ENABLE KEYS */;
UNLOCK TABLES;

--
-- Table structure for table `ct_province`
--

DROP TABLE IF EXISTS `ct_province`;
/*!40101 SET @saved_cs_client     = @@character_set_client */;
/*!50503 SET character_set_client = utf8mb4 */;
CREATE TABLE `ct_province` (
  `id` int NOT NULL AUTO_INCREMENT,
  `prv_nom` varchar(255) COLLATE utf8mb3_unicode_ci DEFAULT NULL,
  `prv_code` varchar(255) COLLATE utf8mb3_unicode_ci DEFAULT NULL,
  `prv_created_at` datetime DEFAULT NULL COMMENT '(DC2Type:datetime_immutable)',
  `prv_updated_at` datetime DEFAULT NULL COMMENT '(DC2Type:datetime_immutable)',
  PRIMARY KEY (`id`),
  UNIQUE KEY `UNIQ_DF00E1F2413D25A3` (`prv_nom`)
) ENGINE=InnoDB AUTO_INCREMENT=13 DEFAULT CHARSET=utf8mb3 COLLATE=utf8mb3_unicode_ci;
/*!40101 SET character_set_client = @saved_cs_client */;

--
-- Dumping data for table `ct_province`
--

LOCK TABLES `ct_province` WRITE;
/*!40000 ALTER TABLE `ct_province` DISABLE KEYS */;
INSERT INTO `ct_province` VALUES (2,'ANTSIRANANA','ANA','2017-10-13 14:54:20','2017-11-13 07:30:58'),(3,'FIANARANTSOA','FNR','2017-10-13 14:54:59','2017-11-13 07:30:49'),(5,'TOAMASINA','TNA','2017-10-13 15:21:06','2017-11-13 07:30:38'),(6,'ANTANANARIVO','ANT','2017-10-16 09:38:43','2017-10-18 08:23:54'),(7,'TOLIARA','TLR','2017-10-16 09:45:44','2017-11-13 07:30:25'),(8,'MAHAJANGA','MGA','2017-10-16 09:46:05','2017-11-13 07:30:13');
/*!40000 ALTER TABLE `ct_province` ENABLE KEYS */;
UNLOCK TABLES;

--
-- Table structure for table `ct_role`
--

DROP TABLE IF EXISTS `ct_role`;
/*!40101 SET @saved_cs_client     = @@character_set_client */;
/*!50503 SET character_set_client = utf8mb4 */;
CREATE TABLE `ct_role` (
  `id` int NOT NULL AUTO_INCREMENT,
  `role_name` varchar(64) COLLATE utf8mb3_unicode_ci NOT NULL,
  PRIMARY KEY (`id`)
) ENGINE=InnoDB AUTO_INCREMENT=9 DEFAULT CHARSET=utf8mb3 COLLATE=utf8mb3_unicode_ci;
/*!40101 SET character_set_client = @saved_cs_client */;

--
-- Dumping data for table `ct_role`
--

LOCK TABLES `ct_role` WRITE;
/*!40000 ALTER TABLE `ct_role` DISABLE KEYS */;
INSERT INTO `ct_role` VALUES (1,'Superadmin'),(2,'Admin'),(3,'Verificateur'),(4,'Reception'),(5,'Visite'),(6,'Staff'),(7,'Approvisionnement');
/*!40000 ALTER TABLE `ct_role` ENABLE KEYS */;
UNLOCK TABLES;

--
-- Table structure for table `ct_source_energie`
--

DROP TABLE IF EXISTS `ct_source_energie`;
/*!40101 SET @saved_cs_client     = @@character_set_client */;
/*!50503 SET character_set_client = utf8mb4 */;
CREATE TABLE `ct_source_energie` (
  `id` int NOT NULL AUTO_INCREMENT,
  `sre_libelle` varchar(255) COLLATE utf8mb3_unicode_ci DEFAULT NULL,
  PRIMARY KEY (`id`),
  UNIQUE KEY `UNIQ_82353E095DB32D1D` (`sre_libelle`)
) ENGINE=InnoDB AUTO_INCREMENT=7 DEFAULT CHARSET=utf8mb3 COLLATE=utf8mb3_unicode_ci;
/*!40101 SET character_set_client = @saved_cs_client */;

--
-- Dumping data for table `ct_source_energie`
--

LOCK TABLES `ct_source_energie` WRITE;
/*!40000 ALTER TABLE `ct_source_energie` DISABLE KEYS */;
INSERT INTO `ct_source_energie` VALUES (6,'-'),(1,'BIOCARBURANT A GAZ'),(3,'ELECTRIQUE'),(4,'ESSENCE'),(5,'GASOIL'),(2,'HYBRIDE');
/*!40000 ALTER TABLE `ct_source_energie` ENABLE KEYS */;
UNLOCK TABLES;

--
-- Table structure for table `ct_type_droit_ptac`
--

DROP TABLE IF EXISTS `ct_type_droit_ptac`;
/*!40101 SET @saved_cs_client     = @@character_set_client */;
/*!50503 SET character_set_client = utf8mb4 */;
CREATE TABLE `ct_type_droit_ptac` (
  `id` int NOT NULL AUTO_INCREMENT,
  `tp_dp_libelle` varchar(45) COLLATE utf8mb3_unicode_ci DEFAULT NULL,
  PRIMARY KEY (`id`),
  UNIQUE KEY `UNIQ_B9D5C8882726A614` (`tp_dp_libelle`)
) ENGINE=InnoDB AUTO_INCREMENT=4 DEFAULT CHARSET=utf8mb3 COLLATE=utf8mb3_unicode_ci;
/*!40101 SET character_set_client = @saved_cs_client */;

--
-- Dumping data for table `ct_type_droit_ptac`
--

LOCK TABLES `ct_type_droit_ptac` WRITE;
/*!40000 ALTER TABLE `ct_type_droit_ptac` DISABLE KEYS */;
INSERT INTO `ct_type_droit_ptac` VALUES (2,'Constatation'),(1,'Réception');
/*!40000 ALTER TABLE `ct_type_droit_ptac` ENABLE KEYS */;
UNLOCK TABLES;

--
-- Table structure for table `ct_type_reception`
--

DROP TABLE IF EXISTS `ct_type_reception`;
/*!40101 SET @saved_cs_client     = @@character_set_client */;
/*!50503 SET character_set_client = utf8mb4 */;
CREATE TABLE `ct_type_reception` (
  `id` int NOT NULL AUTO_INCREMENT,
  `tprcp_libelle` varchar(45) COLLATE utf8mb3_unicode_ci DEFAULT NULL,
  PRIMARY KEY (`id`),
  UNIQUE KEY `UNIQ_D7D98FE88F27FBD` (`tprcp_libelle`)
) ENGINE=InnoDB AUTO_INCREMENT=4 DEFAULT CHARSET=utf8mb3 COLLATE=utf8mb3_unicode_ci;
/*!40101 SET character_set_client = @saved_cs_client */;

--
-- Dumping data for table `ct_type_reception`
--

LOCK TABLES `ct_type_reception` WRITE;
/*!40000 ALTER TABLE `ct_type_reception` DISABLE KEYS */;
INSERT INTO `ct_type_reception` VALUES (2,'Isole'),(1,'Par type');
/*!40000 ALTER TABLE `ct_type_reception` ENABLE KEYS */;
UNLOCK TABLES;

--
-- Table structure for table `ct_type_visite`
--

DROP TABLE IF EXISTS `ct_type_visite`;
/*!40101 SET @saved_cs_client     = @@character_set_client */;
/*!50503 SET character_set_client = utf8mb4 */;
CREATE TABLE `ct_type_visite` (
  `id` int NOT NULL AUTO_INCREMENT,
  `tpv_libelle` varchar(45) COLLATE utf8mb3_unicode_ci DEFAULT NULL,
  PRIMARY KEY (`id`),
  UNIQUE KEY `UNIQ_ED695635E5309617` (`tpv_libelle`)
) ENGINE=InnoDB AUTO_INCREMENT=3 DEFAULT CHARSET=utf8mb3 COLLATE=utf8mb3_unicode_ci;
/*!40101 SET character_set_client = @saved_cs_client */;

--
-- Dumping data for table `ct_type_visite`
--

LOCK TABLES `ct_type_visite` WRITE;
/*!40000 ALTER TABLE `ct_type_visite` DISABLE KEYS */;
INSERT INTO `ct_type_visite` VALUES (2,'A domicile'),(1,'Sur site');
/*!40000 ALTER TABLE `ct_type_visite` ENABLE KEYS */;
UNLOCK TABLES;

--
-- Table structure for table `ct_usage`
--

DROP TABLE IF EXISTS `ct_usage`;
/*!40101 SET @saved_cs_client     = @@character_set_client */;
/*!50503 SET character_set_client = utf8mb4 */;
CREATE TABLE `ct_usage` (
  `id` int NOT NULL AUTO_INCREMENT,
  `usg_libelle` varchar(255) COLLATE utf8mb3_unicode_ci DEFAULT NULL,
  `usg_validite` varchar(255) COLLATE utf8mb3_unicode_ci DEFAULT NULL,
  `usg_created` datetime DEFAULT NULL COMMENT '(DC2Type:datetime_immutable)',
  `usg_updated` datetime DEFAULT NULL COMMENT '(DC2Type:datetime_immutable)',
  PRIMARY KEY (`id`)
) ENGINE=InnoDB AUTO_INCREMENT=53 DEFAULT CHARSET=utf8mb3 COLLATE=utf8mb3_unicode_ci;
/*!40101 SET character_set_client = @saved_cs_client */;

--
-- Dumping data for table `ct_usage`
--

LOCK TABLES `ct_usage` WRITE;
/*!40000 ALTER TABLE `ct_usage` DISABLE KEYS */;
INSERT INTO `ct_usage` VALUES (1,'TV','4',NULL,NULL),(2,'VP','12',NULL,NULL),(3,'VL','4',NULL,NULL),(4,'AE (Age ≤ 10 ans)','6',NULL,NULL),(5,'AE (Age > 10ans)','3',NULL,NULL),(6,'VL < 6 places (VL6)','4',NULL,NULL),(7,'TM3 (Age ≤ 5 ans)','12',NULL,NULL),(8,'TM3 (Age >5 ans)','6',NULL,NULL),(9,'REM3','6',NULL,NULL),(10,'SREM3','6',NULL,NULL),(11,'TA','6',NULL,NULL),(12,'TMTPERS','6',NULL,NULL),(13,'VP300 (Age ≤ 5 ans)','12',NULL,NULL),(14,'VP300 (Age > 5 ans)','6',NULL,NULL),(15,'TPP ≤ 25 places','6',NULL,NULL),(16,'TBR > 25 places et  ≤ 50 places','4',NULL,NULL),(17,'TPP > 25 places et ≤ 50 places','6',NULL,NULL),(18,'CU > 25 places et ≤ 50 places','4',NULL,NULL),(19,'CSUB > 25 places et ≤ 50 places','4',NULL,NULL),(20,'VL > 25 places et ≤ 50 places','4',NULL,NULL),(21,'TBR > 50 places et ≤ 75 places','4',NULL,NULL),(22,'TPP > 50 places et ≤ 75 places','6',NULL,NULL),(23,'CU > 50 places et ≤ 75 places','4',NULL,NULL),(24,'CSUB > 50 places et ≤ 75 places','4',NULL,NULL),(25,'VL > 50 places et ≤ 75 places','4',NULL,NULL),(26,'TBR > 75 places et ≤ 100 places','4',NULL,NULL),(27,'TPP > 75 places et ≤ 100 places','6',NULL,NULL),(28,'CU > 75 places et ≤ 100 places','4',NULL,NULL),(29,'CSUB > 75 places et ≤ 100 places','4',NULL,NULL),(30,'VL > 75 places et ≤ 100 places','4',NULL,NULL),(31,'TCS','4',NULL,NULL),(32,'Tbé','4',NULL,NULL),(33,'TBR','4',NULL,NULL),(34,'CU','4',NULL,NULL),(35,'CSUB','4',NULL,NULL),(36,'TM6','6',NULL,NULL),(37,'REM6','6',NULL,NULL),(38,'SREM6','6',NULL,NULL),(39,'TM7','6',NULL,NULL),(40,'TRR7','6',NULL,NULL),(41,'REM7','6',NULL,NULL),(42,'SREM7','6',NULL,NULL),(43,'TM10','6',NULL,NULL),(44,'TRR10','6',NULL,NULL),(45,'REM10','6',NULL,NULL),(46,'SREM10','6',NULL,NULL),(47,'TM16','6',NULL,NULL),(48,'TRR16','6',NULL,NULL),(49,'REM16','6',NULL,NULL),(50,'SREM16','6',NULL,NULL),(51,'TMT','4',NULL,NULL),(52,'VTS','12',NULL,NULL);
/*!40000 ALTER TABLE `ct_usage` ENABLE KEYS */;
UNLOCK TABLES;

--
-- Table structure for table `ct_usage_tarif`
--

DROP TABLE IF EXISTS `ct_usage_tarif`;
/*!40101 SET @saved_cs_client     = @@character_set_client */;
/*!50503 SET character_set_client = utf8mb4 */;
CREATE TABLE `ct_usage_tarif` (
  `id` int NOT NULL AUTO_INCREMENT,
  `ct_usage_id` int DEFAULT NULL,
  `ct_type_visite_id` int DEFAULT NULL,
  `ct_arrete_prix_id` int DEFAULT NULL,
  `usg_trf_annee` varchar(4) COLLATE utf8mb3_unicode_ci DEFAULT NULL,
  `usg_trf_prix` double DEFAULT NULL,
  PRIMARY KEY (`id`),
  UNIQUE KEY `UNIQ_FA9D5B8176255A68B48AD3639C6EC188` (`ct_arrete_prix_id`,`ct_usage_id`,`ct_type_visite_id`),
  KEY `IDX_FA9D5B81B48AD363` (`ct_usage_id`),
  KEY `IDX_FA9D5B819C6EC188` (`ct_type_visite_id`),
  KEY `IDX_FA9D5B8176255A68` (`ct_arrete_prix_id`),
  CONSTRAINT `FK_FA9D5B8176255A68` FOREIGN KEY (`ct_arrete_prix_id`) REFERENCES `ct_arrete_prix` (`id`),
  CONSTRAINT `FK_FA9D5B819C6EC188` FOREIGN KEY (`ct_type_visite_id`) REFERENCES `ct_type_visite` (`id`),
  CONSTRAINT `FK_FA9D5B81B48AD363` FOREIGN KEY (`ct_usage_id`) REFERENCES `ct_usage` (`id`)
) ENGINE=InnoDB AUTO_INCREMENT=87 DEFAULT CHARSET=utf8mb3 COLLATE=utf8mb3_unicode_ci;
/*!40101 SET character_set_client = @saved_cs_client */;

--
-- Dumping data for table `ct_usage_tarif`
--

LOCK TABLES `ct_usage_tarif` WRITE;
/*!40000 ALTER TABLE `ct_usage_tarif` DISABLE KEYS */;
INSERT INTO `ct_usage_tarif` VALUES (1,1,1,1,'2017',7000),(2,2,1,1,'2017',18000),(3,3,1,1,'2017',18000),(4,4,1,1,'2017',19000),(5,5,1,1,'2017',18000),(6,6,1,1,'2017',14000),(7,7,1,1,'2017',7000),(8,8,1,1,'2017',6000),(9,9,1,1,'2017',6000),(10,10,1,1,'2017',6000),(11,11,1,1,'2017',6000),(12,12,1,1,'2017',6000),(13,13,1,1,'2017',12000),(14,14,1,1,'2017',10000),(15,15,1,1,'2017',15000),(16,16,1,1,'2017',25000),(17,17,1,1,'2017',25000),(18,18,1,1,'2017',25000),(19,19,1,1,'2017',25000),(20,20,1,1,'2017',25000),(21,21,1,1,'2017',35000),(22,22,1,1,'2017',35000),(23,23,1,1,'2017',35000),(24,24,1,1,'2017',35000),(25,25,1,1,'2017',35000),(26,26,1,1,'2017',45000),(27,27,1,1,'2017',45000),(28,28,1,1,'2017',45000),(29,29,1,1,'2017',45000),(30,30,1,1,'2017',45000),(31,31,1,1,'2017',9000),(32,32,1,1,'2017',9000),(33,33,1,1,'2017',9000),(34,34,1,1,'2017',9000),(35,35,1,1,'2017',9000),(36,36,1,1,'2017',10000),(37,37,1,1,'2017',10000),(38,38,1,1,'2017',10000),(39,39,1,1,'2017',15000),(40,40,1,1,'2017',15000),(41,41,1,1,'2017',15000),(42,42,1,1,'2017',15000),(43,43,1,1,'2017',23000),(44,44,1,1,'2017',23000),(45,45,1,1,'2017',23000),(46,46,1,1,'2017',23000),(47,47,1,1,'2017',39000),(48,48,1,1,'2017',39000),(49,49,1,1,'2017',39000),(50,50,1,1,'2017',39000),(51,2,2,1,'2017',30000),(52,3,2,1,'2017',30000),(53,6,2,1,'2017',22500),(54,7,2,1,'2017',9000),(55,8,2,1,'2017',9000),(56,9,2,1,'2017',9000),(57,10,2,1,'2017',9000),(58,11,2,1,'2017',9000),(59,12,2,1,'2017',9000),(60,13,2,1,'2017',15000),(61,14,2,1,'2017',15000),(62,15,2,1,'2017',15000),(63,36,2,1,'2017',15000),(64,37,2,1,'2017',15000),(65,38,2,1,'2017',15000),(66,39,2,1,'2017',22500),(67,40,2,1,'2017',22500),(68,41,2,1,'2017',22500),(69,42,2,1,'2017',22500),(70,43,2,1,'2017',37500),(71,44,2,1,'2017',37500),(72,45,2,1,'2017',37500),(73,46,2,1,'2017',37500),(74,47,2,1,'2017',63000),(75,48,2,1,'2017',63000),(76,49,2,1,'2017',63000),(77,50,2,1,'2017',63000),(78,20,2,1,'2017',25000),(79,25,2,1,'2017',35000),(80,30,2,1,'2017',45000),(81,17,2,1,'2017',25000),(82,22,2,1,'2017',35000),(83,27,2,1,'2017',45000),(84,51,1,1,'2017',7000),(85,52,1,1,'2017',9600);
/*!40000 ALTER TABLE `ct_usage_tarif` ENABLE KEYS */;
UNLOCK TABLES;

--
-- Table structure for table `ct_utilisation`
--

DROP TABLE IF EXISTS `ct_utilisation`;
/*!40101 SET @saved_cs_client     = @@character_set_client */;
/*!50503 SET character_set_client = utf8mb4 */;
CREATE TABLE `ct_utilisation` (
  `id` int NOT NULL AUTO_INCREMENT,
  `ut_libelle` varchar(45) COLLATE utf8mb3_unicode_ci DEFAULT NULL,
  PRIMARY KEY (`id`),
  UNIQUE KEY `UNIQ_CE088DF5EB198D3E` (`ut_libelle`)
) ENGINE=InnoDB AUTO_INCREMENT=3 DEFAULT CHARSET=utf8mb3 COLLATE=utf8mb3_unicode_ci;
/*!40101 SET character_set_client = @saved_cs_client */;

--
-- Dumping data for table `ct_utilisation`
--

LOCK TABLES `ct_utilisation` WRITE;
/*!40000 ALTER TABLE `ct_utilisation` DISABLE KEYS */;
INSERT INTO `ct_utilisation` VALUES (1,'Administratif'),(2,'Particulier');
/*!40000 ALTER TABLE `ct_utilisation` ENABLE KEYS */;
UNLOCK TABLES;

--
-- Table structure for table `ct_visite_extra`
--

DROP TABLE IF EXISTS `ct_visite_extra`;
/*!40101 SET @saved_cs_client     = @@character_set_client */;
/*!50503 SET character_set_client = utf8mb4 */;
CREATE TABLE `ct_visite_extra` (
  `id` int NOT NULL AUTO_INCREMENT,
  `vste_libelle` varchar(255) COLLATE utf8mb3_unicode_ci DEFAULT NULL,
  PRIMARY KEY (`id`),
  UNIQUE KEY `UNIQ_D3A8CBD88B880ECD` (`vste_libelle`)
) ENGINE=InnoDB AUTO_INCREMENT=3 DEFAULT CHARSET=utf8mb3 COLLATE=utf8mb3_unicode_ci;
/*!40101 SET character_set_client = @saved_cs_client */;

--
-- Dumping data for table `ct_visite_extra`
--

LOCK TABLES `ct_visite_extra` WRITE;
/*!40000 ALTER TABLE `ct_visite_extra` DISABLE KEYS */;
INSERT INTO `ct_visite_extra` VALUES (1,'Carnet'),(2,'Carte');
/*!40000 ALTER TABLE `ct_visite_extra` ENABLE KEYS */;
UNLOCK TABLES;

--
-- Table structure for table `ct_visite_extra_tarif`
--

DROP TABLE IF EXISTS `ct_visite_extra_tarif`;
/*!40101 SET @saved_cs_client     = @@character_set_client */;
/*!50503 SET character_set_client = utf8mb4 */;
CREATE TABLE `ct_visite_extra_tarif` (
  `id` int NOT NULL AUTO_INCREMENT,
  `ct_arrete_prix_id` int DEFAULT NULL,
  `ct_visite_extra_id` int DEFAULT NULL,
  `vet_annee` varchar(4) COLLATE utf8mb3_unicode_ci DEFAULT NULL,
  `vet_prix` double DEFAULT NULL,
  PRIMARY KEY (`id`),
  UNIQUE KEY `UNIQ_E3F1985E76255A6815D88434` (`ct_arrete_prix_id`,`ct_visite_extra_id`),
  KEY `IDX_E3F1985E76255A68` (`ct_arrete_prix_id`),
  KEY `IDX_E3F1985E15D88434` (`ct_visite_extra_id`),
  CONSTRAINT `FK_E3F1985E15D88434` FOREIGN KEY (`ct_visite_extra_id`) REFERENCES `ct_visite_extra` (`id`),
  CONSTRAINT `FK_E3F1985E76255A68` FOREIGN KEY (`ct_arrete_prix_id`) REFERENCES `ct_arrete_prix` (`id`)
) ENGINE=InnoDB AUTO_INCREMENT=3 DEFAULT CHARSET=utf8mb3 COLLATE=utf8mb3_unicode_ci;
/*!40101 SET character_set_client = @saved_cs_client */;

--
-- Dumping data for table `ct_visite_extra_tarif`
--

LOCK TABLES `ct_visite_extra_tarif` WRITE;
/*!40000 ALTER TABLE `ct_visite_extra_tarif` DISABLE KEYS */;
INSERT INTO `ct_visite_extra_tarif` VALUES (1,1,1,'2017',6000),(2,1,2,'2017',2000);
/*!40000 ALTER TABLE `ct_visite_extra_tarif` ENABLE KEYS */;
UNLOCK TABLES;

--
-- Table structure for table `ct_zone_deserte`
--

DROP TABLE IF EXISTS `ct_zone_deserte`;
/*!40101 SET @saved_cs_client     = @@character_set_client */;
/*!50503 SET character_set_client = utf8mb4 */;
CREATE TABLE `ct_zone_deserte` (
  `id` int NOT NULL AUTO_INCREMENT,
  `zd_libelle` varchar(255) COLLATE utf8mb3_unicode_ci DEFAULT NULL,
  PRIMARY KEY (`id`),
  UNIQUE KEY `UNIQ_B5901664B6D294C2` (`zd_libelle`)
) ENGINE=InnoDB AUTO_INCREMENT=5 DEFAULT CHARSET=utf8mb3 COLLATE=utf8mb3_unicode_ci;
/*!40101 SET character_set_client = @saved_cs_client */;

--
-- Dumping data for table `ct_zone_deserte`
--

LOCK TABLES `ct_zone_deserte` WRITE;
/*!40000 ALTER TABLE `ct_zone_deserte` DISABLE KEYS */;
INSERT INTO `ct_zone_deserte` VALUES (2,'CSUB'),(1,'CU'),(4,'NA'),(3,'REG');
/*!40000 ALTER TABLE `ct_zone_deserte` ENABLE KEYS */;
UNLOCK TABLES;

--
-- Table structure for table `doctrine_migration_versions`
--

DROP TABLE IF EXISTS `doctrine_migration_versions`;
/*!40101 SET @saved_cs_client     = @@character_set_client */;
/*!50503 SET character_set_client = utf8mb4 */;
CREATE TABLE `doctrine_migration_versions` (
  `version` varchar(191) COLLATE utf8mb3_unicode_ci NOT NULL,
  `executed_at` datetime DEFAULT NULL,
  `execution_time` int DEFAULT NULL,
  PRIMARY KEY (`version`)
) ENGINE=InnoDB DEFAULT CHARSET=utf8mb3 COLLATE=utf8mb3_unicode_ci;
/*!40101 SET character_set_client = @saved_cs_client */;

--
-- Dumping data for table `doctrine_migration_versions`
--

LOCK TABLES `doctrine_migration_versions` WRITE;
/*!40000 ALTER TABLE `doctrine_migration_versions` DISABLE KEYS */;
INSERT INTO `doctrine_migration_versions` VALUES ('DoctrineMigrations\\Version20230414072931','2023-04-14 09:29:39',68);
/*!40000 ALTER TABLE `doctrine_migration_versions` ENABLE KEYS */;
UNLOCK TABLES;

--
-- Table structure for table `messenger_messages`
--

DROP TABLE IF EXISTS `messenger_messages`;
/*!40101 SET @saved_cs_client     = @@character_set_client */;
/*!50503 SET character_set_client = utf8mb4 */;
CREATE TABLE `messenger_messages` (
  `id` bigint NOT NULL AUTO_INCREMENT,
  `body` longtext COLLATE utf8mb3_unicode_ci NOT NULL,
  `headers` longtext COLLATE utf8mb3_unicode_ci NOT NULL,
  `queue_name` varchar(190) COLLATE utf8mb3_unicode_ci NOT NULL,
  `created_at` datetime NOT NULL,
  `available_at` datetime NOT NULL,
  `delivered_at` datetime DEFAULT NULL,
  PRIMARY KEY (`id`),
  KEY `IDX_75EA56E0FB7336F0` (`queue_name`),
  KEY `IDX_75EA56E0E3BD61CE` (`available_at`),
  KEY `IDX_75EA56E016BA31DB` (`delivered_at`)
) ENGINE=InnoDB DEFAULT CHARSET=utf8mb3 COLLATE=utf8mb3_unicode_ci;
/*!40101 SET character_set_client = @saved_cs_client */;

--
-- Dumping data for table `messenger_messages`
--

LOCK TABLES `messenger_messages` WRITE;
/*!40000 ALTER TABLE `messenger_messages` DISABLE KEYS */;
/*!40000 ALTER TABLE `messenger_messages` ENABLE KEYS */;
UNLOCK TABLES;

--
-- Table structure for table `reset_password_request`
--

DROP TABLE IF EXISTS `reset_password_request`;
/*!40101 SET @saved_cs_client     = @@character_set_client */;
/*!50503 SET character_set_client = utf8mb4 */;
CREATE TABLE `reset_password_request` (
  `id` int NOT NULL AUTO_INCREMENT,
  `user_id` int NOT NULL,
  `selector` varchar(20) COLLATE utf8mb3_unicode_ci NOT NULL,
  `hashed_token` varchar(100) COLLATE utf8mb3_unicode_ci NOT NULL,
  `requested_at` datetime NOT NULL COMMENT '(DC2Type:datetime_immutable)',
  `expires_at` datetime NOT NULL COMMENT '(DC2Type:datetime_immutable)',
  PRIMARY KEY (`id`),
  KEY `IDX_7CE748AA76ED395` (`user_id`),
  CONSTRAINT `FK_7CE748AA76ED395` FOREIGN KEY (`user_id`) REFERENCES `user` (`id`)
) ENGINE=InnoDB DEFAULT CHARSET=utf8mb3 COLLATE=utf8mb3_unicode_ci;
/*!40101 SET character_set_client = @saved_cs_client */;

--
-- Dumping data for table `reset_password_request`
--

LOCK TABLES `reset_password_request` WRITE;
/*!40000 ALTER TABLE `reset_password_request` DISABLE KEYS */;
/*!40000 ALTER TABLE `reset_password_request` ENABLE KEYS */;
UNLOCK TABLES;

--
-- Table structure for table `user`
--

DROP TABLE IF EXISTS `user`;
/*!40101 SET @saved_cs_client     = @@character_set_client */;
/*!50503 SET character_set_client = utf8mb4 */;
CREATE TABLE `user` (
  `id` int NOT NULL AUTO_INCREMENT,
  `username` varchar(180) COLLATE utf8mb3_unicode_ci NOT NULL,
  `roles` json NOT NULL,
  `password` varchar(255) COLLATE utf8mb3_unicode_ci NOT NULL,
  `usrnamecomplet` varchar(255) COLLATE utf8mb3_unicode_ci NOT NULL,
  `userfonction` varchar(255) COLLATE utf8mb3_unicode_ci DEFAULT NULL,
  `usermail` varchar(255) COLLATE utf8mb3_unicode_ci NOT NULL,
  `actived` tinyint(1) NOT NULL,
  `useradresse` varchar(255) COLLATE utf8mb3_unicode_ci DEFAULT NULL,
  `userphone` varchar(45) COLLATE utf8mb3_unicode_ci NOT NULL,
  `userpresence` tinyint(1) NOT NULL,
  `user_created_at` datetime DEFAULT NULL COMMENT '(DC2Type:datetime_immutable)',
  `user_updated_at` datetime DEFAULT NULL COMMENT '(DC2Type:datetime_immutable)',
  `last_login` datetime DEFAULT NULL COMMENT '(DC2Type:datetime_immutable)',
  `user_is_connected` smallint DEFAULT NULL,
  `ct_centre_id` int DEFAULT NULL,
  PRIMARY KEY (`id`),
  UNIQUE KEY `UNIQ_8D93D649F85E0677` (`username`),
  KEY `IDX_8D93D64982C8474E` (`ct_centre_id`),
  CONSTRAINT `FK_8D93D64982C8474E` FOREIGN KEY (`ct_centre_id`) REFERENCES `ct_centre` (`id`),
  CONSTRAINT `user_chk_1` CHECK (json_valid(`roles`))
) ENGINE=InnoDB AUTO_INCREMENT=18 DEFAULT CHARSET=utf8mb3 COLLATE=utf8mb3_unicode_ci;
/*!40101 SET character_set_client = @saved_cs_client */;

--
-- Dumping data for table `user`
--

LOCK TABLES `user` WRITE;
/*!40000 ALTER TABLE `user` DISABLE KEYS */;
INSERT INTO `user` VALUES (4,'raharison','[\"ROLE_ADMIN\", \"ROLE_USER\", \"ROLE_SUPERADMIN\", \"ROLE_STAFF\", \"ROLE_VTA\", \"ROLE_APPRO\"]','$2y$13$cyn4dXwdX2J6t9tsL0npG.GqQTP07rzmgIobVFbbVqhjwpIPCwmHq','RAHARISON Jaona Nazir','Chef division développement','raharison.j.nazir@gmail.com',1,'DGSR/DOR','+261348723321',1,NULL,'2023-07-20 08:32:52',NULL,NULL,3),(11,'Alain','[\"ROLE_ADMIN\"]','$2y$13$MmqHfuhdFhfz45HhLM1UsedljeZG1bx55n./flHYUJ2yUiEsRLrPm','GPHC RAKOTOMALALA Christophe Alain','Chef d\'unité','zokyalain17327@yahoo.fr',1,'CENSERO TOAMASINA','0340750746',1,'2023-04-26 12:01:11',NULL,NULL,NULL,8),(13,'Nazir','[]','$2y$13$95vEmUPIo2RzsTbCDvo2XugKKO/5RN8WUM7QreZFGpLxs6vIRjLWW','GPHC RAHARISON Jaona Nazir','Administrateur','mczizirjn@live.fr',1,'Lot A 161 A Manarintsoa Anatihazo','0348723321',1,NULL,NULL,NULL,NULL,4),(14,'644b6dbb078b1','[\"ROLE_VTA\"]','$2y$13$ON6RsrwywoGTi5frj9YjoOLkrUCSMwBjlHxBUmCiaWlPz6.y8zI5y','GPHC RAKOTOMALALA Christophe Alain','Vérificateur technique automobile','zokyalain1732x@yahoo.fr',1,'CENSERO TOAMASINA','0340750746',1,'2023-04-28 08:54:51',NULL,NULL,NULL,8),(15,'superadmin','[\"ROLE_SUPERADMIN\"]','$2y$13$K2IJDqHaEy984uO.JLhhh.KHcU1yiPK4Fvkvq/7o0pO/sfl519e4G','Super Administrateur','Service informatique et de télécommunications','dgsrsit@gmail.com',1,'Alarobia','0341539347',1,'2023-05-22 10:28:52','2023-08-01 15:07:16',NULL,NULL,3),(16,'Jaona','[\"ROLE_USER\", \"ROLE_APPRO\"]','$2y$13$ZEVP5xYLIZ38IsSDApz8G.FJvFd7fTH8Im9YyaNDvyayES5opb7Wq','GPHC RAHARISON Jaona Nazir','Magasin','raharison.jaona.nazir@gmail.com',1,'Lot A 161 A Manarintsoa Anatihazo','0348723321',1,'2023-06-13 08:06:54',NULL,NULL,NULL,4),(17,'John','[\"ROLE_USER\", \"ROLE_SUPERADMIN\", \"ROLE_ADMIN\", \"ROLE_STAFF\", \"ROLE_VTA\", \"ROLE_APPRO\"]','$2y$13$loZN9gOz5MvdGYx5pkRBMOthQ3QUEDM3QwnaH6p1fHSBg6T6RBi2a','DGSR/DT/SIT','Administrateur','admin@controles.tech.dgsr',1,'Alarobia','0341539347',1,'2023-07-20 08:39:19',NULL,NULL,NULL,3);
/*!40000 ALTER TABLE `user` ENABLE KEYS */;
UNLOCK TABLES;
/*!40103 SET TIME_ZONE=@OLD_TIME_ZONE */;

/*!40101 SET SQL_MODE=@OLD_SQL_MODE */;
/*!40014 SET FOREIGN_KEY_CHECKS=@OLD_FOREIGN_KEY_CHECKS */;
/*!40014 SET UNIQUE_CHECKS=@OLD_UNIQUE_CHECKS */;
/*!40101 SET CHARACTER_SET_CLIENT=@OLD_CHARACTER_SET_CLIENT */;
/*!40101 SET CHARACTER_SET_RESULTS=@OLD_CHARACTER_SET_RESULTS */;
/*!40101 SET COLLATION_CONNECTION=@OLD_COLLATION_CONNECTION */;
/*!40111 SET SQL_NOTES=@OLD_SQL_NOTES */;

-- Dump completed on 2023-08-04 15:26:51
