-- MariaDB dump 10.19  Distrib 10.5.18-MariaDB, for debian-linux-gnu (x86_64)
--
-- Host: localhost    Database: controles_tech_dgsr
-- ------------------------------------------------------
-- Server version	10.5.18-MariaDB-0+deb11u1

/*!40101 SET @OLD_CHARACTER_SET_CLIENT=@@CHARACTER_SET_CLIENT */;
/*!40101 SET @OLD_CHARACTER_SET_RESULTS=@@CHARACTER_SET_RESULTS */;
/*!40101 SET @OLD_COLLATION_CONNECTION=@@COLLATION_CONNECTION */;
/*!40101 SET NAMES utf8mb4 */;
/*!40103 SET @OLD_TIME_ZONE=@@TIME_ZONE */;
/*!40103 SET TIME_ZONE='+00:00' */;
/*!40014 SET @OLD_UNIQUE_CHECKS=@@UNIQUE_CHECKS, UNIQUE_CHECKS=0 */;
/*!40014 SET @OLD_FOREIGN_KEY_CHECKS=@@FOREIGN_KEY_CHECKS, FOREIGN_KEY_CHECKS=0 */;
/*!40101 SET @OLD_SQL_MODE=@@SQL_MODE, SQL_MODE='NO_AUTO_VALUE_ON_ZERO' */;
/*!40111 SET @OLD_SQL_NOTES=@@SQL_NOTES, SQL_NOTES=0 */;

--
-- Table structure for table `ct_anomalie`
--

DROP TABLE IF EXISTS `ct_anomalie`;
/*!40101 SET @saved_cs_client     = @@character_set_client */;
/*!40101 SET character_set_client = utf8 */;
CREATE TABLE `ct_anomalie` (
  `id` int(11) NOT NULL AUTO_INCREMENT,
  `ct_anomalie_type_id` int(11) DEFAULT NULL,
  `anml_libelle` varchar(100) DEFAULT NULL,
  `anml_code` varchar(10) DEFAULT NULL,
  PRIMARY KEY (`id`),
  KEY `IDX_E4809465F16CE4D9` (`ct_anomalie_type_id`),
  CONSTRAINT `FK_E4809465F16CE4D9` FOREIGN KEY (`ct_anomalie_type_id`) REFERENCES `ct_anomalie_type` (`id`)
) ENGINE=InnoDB AUTO_INCREMENT=348 DEFAULT CHARSET=utf8 COLLATE=utf8_unicode_ci;
/*!40101 SET character_set_client = @saved_cs_client */;

--
-- Dumping data for table `ct_anomalie`
--

LOCK TABLES `ct_anomalie` WRITE;
/*!40000 ALTER TABLE `ct_anomalie` DISABLE KEYS */;
INSERT INTO `ct_anomalie` VALUES (2,1,'ESSUIE GLACE NULLE','ACC1'),(3,1,'ESSUIE GLACE EN MAUVAIS FONCTIONNEMENT','ACC2'),(4,1,'BALAI ESSUIE GLACE A COMPLETER','ACC3'),(5,1,'PLAQUES POLICE AV/ARR A FIXER','ACC4'),(6,1,'PLAQUES POLICE AV/ARR NON VISIBLE','ACC5'),(7,1,'PLAQUE POLICE AV/AR NON CONFORME','ACC6'),(8,1,'PARE CHOC AV/ARR A POSER','ACC7'),(9,1,'PARE CHOC AV/ARR A FIXER','ACC8'),(10,1,'BANDE RETRO REFLECHISSANTES A POSER','ACC9'),(11,1,'EXTINCTEUR VIDE','ACC10'),(12,1,'EXTINCTEUR A PRESENTER','ACC11'),(13,1,'BOITE A PHARMACIE A COMPLETER','ACC12'),(14,1,'BOITE A PHARMACIE NULLE','ACC13'),(15,1,'TRIANGLE DE PRESIGNALISATION A PRESENTER','ACC14'),(16,1,'TRIANGLES DE PRESIGNALISATION NON CONFORME','ACC15'),(17,1,'FONCTIONNEMENT TABLEAU DE BORD A REPARER','ACC16'),(18,1,'INSCRIPTION INT/EXT A FAIRE (ISSUE DE SECOUR, VITESSE MAX, NB PLACE?)','ACC17'),(19,1,'CATADIOPRE TRIANGLE EN HAUT ARR VEHICULE REM A POSER','ACC18'),(20,1,'CEINTURE DE SECURITE A POSER','ACC19'),(21,1,'CEINTURE DE SECURITE NON CONFORME','ACC20'),(22,1,'AVERTISSEUR SONORE NUL','ACC21'),(23,1,'RETROVISEUR EXT A POSER','ACC22'),(24,1,'RETROVISEUR INT A POSER','ACC23'),(25,1,'DISQUE DE LIMITATION DE VITESSE A FAIRE','ACC24'),(26,1,'DISQUE DE LIMITATION DE VITESSE NON CONFORME','ACC25'),(27,1,'DISQUE DE LIMITATION DE VITESSE A RAFRAICHIR','ACC26'),(28,11,'ETAT INTERIEUR DU VEHICULE A AMELIORER','CAR1'),(29,11,'ETAT EXTERIEUR DU VEHICULE A AMELIORER','CAR2'),(30,11,'POIGNETS D\'OUVERTURE PORTES EXT A POSER','CAR3'),(31,11,'POIGNET LEVE GLACE A POSER','CAR4'),(32,11,'POIGNETS PORTES INT A POSER','CAR5'),(33,11,'PARE BRISE CASSEE','CAR6'),(34,11,'PARE BRISE A REMPLACER','CAR7'),(35,11,'LUNETTE ARR A CHANGER','CAR8'),(36,11,'DOSSIER SIEGE A REPARER','CAR9'),(37,11,'SIEGES A FIXER','CAR10'),(38,11,'COUSSINS SIEGES A REPARER','CAR11'),(39,11,'SIEGES DU VEHICULES A COMPLETER','CAR12'),(40,11,'NOMBRE DE SIEGE NON CONFORME A LA CARTE','CAR13'),(41,11,'STRAPONTINS A ENLEVER','CAR14'),(42,11,'BANQUETTE ARR MAL A FIXER','CAR16'),(43,11,'BANQUETTE ARR A ENLEVER','CAR17'),(44,11,'VITRE PORTIERE AV/ARR CASSE','CAR18'),(45,11,'RETROVISEUR EXT A POSER','CAR19'),(46,11,'VEHICULE A PEINDRE','CAR20'),(47,11,'VITRES DES PORTIERES A COMPLETER','CAR21'),(48,11,'VITRES COULISSANTES LATERALES A COMPLETER','CAR22'),(49,11,'VITRE LATERALE COLISSANTE A CHANGER','CAR23'),(50,11,'VITRES FUMEES INTERDITES (PELLICULE)','CAR24'),(51,11,'MECANISME LEVE VITRE A REPARER','CAR25'),(52,11,'FERMETURE PORTE AVG A REPARER','CAR26'),(53,11,'FERMETURE PORTE AVD A REPARER','CAR27'),(54,11,'FERMETURE PORTE ARR G A REPARER','CAR28'),(55,11,'FERMETURE PORTE ARR D A REPARER','CAR29'),(56,11,'FERMETURE CAPOT MOTEUR A REPARER','CAR30'),(57,11,'FERMETURE MALLE ARR A REPARER','CAR31'),(58,11,'PORTE LATERALE COLLISSANTE NON EXISTANTE','CAR32'),(59,11,'BACHE DECHIREE','CAR33'),(60,11,'BACHE A POSER','CAR34'),(61,11,'CALENDRE A POSER','CAR35'),(62,11,'CERCEAUX CASSES','CAR36'),(63,11,'CERCEAUX A FIXER','CAR37'),(64,11,'PORTE BAGAGES A FIXER','CAR38'),(65,11,'PLANCHER A REPARER','CAR39'),(66,11,'RIDELLES A REPARER','CAR40'),(67,11,'VEHICULE SALE','CAR41'),(68,11,'PARTIE FROTEE A DRESSER','CAR42'),(69,11,'MARCHE A PIED A POSER','CAR43'),(70,11,'BOUCHON RESERVOIR A POSER','CAR44'),(71,11,'TOUS SUPPORTS STRAPONTINS A ENLEVER','CAR45'),(72,11,'BANDES RETROREFLECHISSANTES A POSER','CAR46'),(73,11,'BANDE RETROREFLECHISSANTE INSUFISANTE','CAR47'),(74,11,'BANDE RETROREFLECHISSANTE NON CONFORME','CAR48'),(75,11,'BARRE DE FER SUR VITRE LAT G/D A ENLEVER','CAR49'),(76,11,'CONDUITE A DROITE INTERDITE','CAR50'),(77,11,'OBJET HORS GABARIT A ENLEVER','CAR51'),(78,11,'INSCRIPTION PUBLICITAIRE INTERDITE','CAR52'),(79,11,'FERMETURE HAYON ARR A REPARER','CAR53'),(80,11,'REVETEMENT PORTIERE A POSER','CAR54'),(81,12,'LONGERON GAUCHE FELE','CH1'),(82,12,'ENTRETOISE MILIEU FELE','CH2'),(83,12,'ABSENCE PLAQUE N° CHASSIS','CH3'),(84,12,'PLAQUE CHASSIS FALCIFIEE/NON CONFORME','CH4'),(85,12,'NON CONCORDANCE NUMERO DE CHASSIS','CH5'),(86,12,'NUMERO DE CHASSIS ILLISIBLES','CH6'),(87,12,'PLAQUE NUMERO DE CHASSIS DETERIORE','CH7'),(88,12,'LONGERON GAUCHE CASSE','CH8'),(89,12,'LONGERON GAUCHE FLECHI','CH9'),(90,12,'LONGERON DROITE FELE','CH10'),(91,12,'LONGERON DROITE CASSE','CH11'),(92,12,'LONGERON DROITE FLECHI','CH12'),(93,12,'TRAVERSE AVANT FELE','CH13'),(94,12,'TRAVERSE AVANT CASSE','CH14'),(95,12,'TRAVERSE AVANT RIVETAGE CISAILLE','CH15'),(96,2,'JEU IMPORTANT AXE RELAIS DE DIRECTION G','DIR1'),(97,2,'JEU IMPORTANT AXE RELAIS DE DIRECTION D','DIR2'),(98,2,'FIXATION BOITIER DE DIRECTION A VERIFIER','DIR3'),(99,2,'FIXATION CREMAILLERE A VERIFIER','DIR4'),(100,2,'JEU IMPORTANT AU VOLANT','DIR5'),(101,2,'JEU IMPORTANT DE L\'AXE BIELLE PENDANTE','DIR6'),(102,2,'JEU IMPORTANT DE COLONNE DE DIRECTION','DIR7'),(103,2,'FLECTOR DE DIRECTION A REMPLACER','DIR8'),(104,2,'PARALLELISME A REGLER','DIR9'),(105,2,'JEU EXCESSIF SORTIE G CREMAILLERE','DIR10'),(106,2,'JEU EXCESSIF SORTIE D CREMAILLERE','DIR11'),(107,2,'CACHE POUSSIERE CREMAILLERE A POSER','DIR12'),(108,2,'CACHE POUSSIERE CREMAILLERE A REMPLACER','DIR13'),(109,2,'CREMAILLERE A REPARER','DIR14'),(110,2,'BIELLE PENDANTE DIRECTION DESSEREE','DIR15'),(111,2,'CROISILLON COLLONE DE DIRECTION A REMPLACER','DIR16'),(112,2,'FUITE D\'HUILE SUR BOITIER DE DIRECTION','DIR17'),(113,2,'BIELLETTE DE CONNEXION G/D DESSEREE','DIR18'),(114,2,'ROTULE BIELLETTE DE CONNEXION G A REMPLACER','DIR19'),(115,2,'ROTULE BIELLETTE DE CONNEXION D A REMPLACER','DIR20'),(116,2,'ROTULE BARRE DE DIRECTION AVG A REMPLACER','DIR21'),(117,2,'ROTULE BARRE DE DIRECTION AVD A REMPLACER','DIR22'),(118,2,'ROTULE BARRE D\'ACCOUPLEMENT G A REMPLACER','DIR23'),(119,2,'ROTULE BARRE D\'ACCOUPLEMENT D A REMPLACER','DIR24'),(120,2,'VOLANT A DROITE INTERDIT','DIR25'),(121,3,'FEU ROUGE G NUL','EM1'),(122,3,'FEU ROUGE D NUL','EM2'),(123,3,'FEU DE STOP G NUL','EM3'),(124,3,'FEU DE STOP D NUL','EM4'),(125,3,'FEU DE POLICE NUL','EM5'),(126,3,'VEUILLEUSE AV G NULLE','EM6'),(127,3,'VEUILLEUSE AV D NULLE','EM7'),(128,3,'REFLECTEUR PHARE G/D A REMPLACER','EM8'),(129,3,'CABOCHON ARR G A REMPLACER','EM9'),(130,3,'CABOCHON ARR D A REMPLACER','EM10'),(131,3,'CABOCHON AV G A REMPLACER','EM11'),(132,3,'CABOCHON AV D A REMPLACER','EM12'),(133,3,'PLAQUE POLICE AV NON CONFORME','EM13'),(134,3,'PLAQUE POLICE ARR NON CONFORME','EM14'),(135,3,'AMELIORER ETAT EXT DU VEHICULE','EM15'),(136,3,'VEHICULE A PEINDRE','EM16'),(137,3,'PARE BRISE A REMPLACER','EM17'),(138,3,'LUNETTE ARR A REMPLACER','EM18'),(139,3,'BATTERIE A FIXER','EM19'),(140,3,'DEBUT FUMEE MOTEUR','EM20'),(141,3,'VITRE TEINTEE D\'ORIGINE','EM21'),(142,3,'BALAI ESSUIE GLACE A COMPLETER','EM22'),(143,3,'DISQUE DE LIMITATION DE VITESSE A FAIRE','EM23'),(144,4,'FREIN A MAIN INOPERANT','FR1'),(145,4,'FLEXIBLE AV G EN MAUVAIS ETAT','FR2'),(146,4,'FLEXIBLE AV D EN MAUVAIS ETAT','FR3'),(147,4,'FLEXIBLE ARR G MAUVAIS','FR4'),(148,4,'FLEXIBLES ARR D MAUVAIS','FR5'),(149,4,'TUYAU CONDUITE LIQUIDE DE FREIN AV G','FR6'),(150,4,'TUYAU CONDUITE LIQUIDE DE FREIN AV D','FR7'),(151,4,'LIQUIDE DE FREIN EPUISE','FR8'),(152,4,'NIVAU LIQUIDE DE FREIN TROP BAS','FR9'),(153,1,'PEDALE DE FREIN TROP BASSE','FR10'),(154,4,'PEDALE DE FREIN AU PLANCHER','FR11'),(155,4,'FREIN DE SECOURS INOPERANT','FR12'),(156,4,'FREIN SUR 4 ROUES A EQUILIBRER','FR13'),(157,4,'RUPTURE DE FREIN','FR14'),(158,4,'FREIN AVG NUL','FR15'),(159,4,'FREIN AVD NUL','FR16'),(160,4,'FREIN ARG NUL','FR17'),(161,4,'FREIN ARD NUL','FR18'),(162,4,'FUITE D\'AIR SORTIE COMPRESSSEUR','FR19'),(163,4,'DISQUE DE FREIN CASSE','FR20'),(164,4,'FREINDE PARCQUAGE INOPERANT (REM)','FR21'),(165,4,'VANNE DE CONNEXION DE FREIN EN MAUVAIS ETAT (TM16-REM)','FR22'),(166,5,'FUMEE EXCESSIVE','MOT1'),(167,5,'DEBUT FUMEE MOTEUR','MOT2'),(168,5,'MOTEUR BRUYANT','MOT3'),(169,5,'MOTEUR SURCHAUFFE','MOT4'),(170,5,'MOTEUR SALE','MOT5'),(171,5,'FILTRE A AIR A POSER','MOT6'),(172,5,'GRILLE VENTILATEUR A POSER','MOT7'),(173,5,'FUITE ESS/GAS OIL AU MOTEUR','MOT8'),(174,5,'FUITE D\'HUILE SUR MOTEUR','MOT9'),(175,5,'FUITE LIQUIDE DE REFROIDISSEMENT','MOT10'),(176,5,'FUITE DE RADIATEUR','MOT11'),(177,5,'DEMARREUR A VERIFIER','MOT12'),(178,5,'PATTE MOTEUR G A REMPLACER','MOT13'),(179,5,'PATTE MOTEUR D A REMPLACER','MOT14'),(180,5,'POT D\'ECHAPPEMENT A REPARER','MOT15'),(181,5,'TUYAUTERIE D\'ECHAPEMENT A REPARER','MOT16'),(182,5,'CHANGEMENT MOTEUR SANS R T I','MOT17'),(183,5,'MAUVAISE FIXATION DE BATTERIE','MOT18'),(184,5,'FILS ELECTRIQUES A METTRE SOUS GAINE','MOT19'),(185,5,'FILS ELECTRIQUES DENUDES A ISOLER','MOT20'),(186,5,'RESERVOIR DIRECT INTERDIT','MOT21'),(187,6,'CERTIFICAT DE NON AFFECTATION ( C.N.A)','PAP1'),(188,6,'CARNET ET CARTE VIOLETTE TB/TBe A REINTIGRER','PAP2'),(189,6,'CARTE VIOLETTE A VISER AU CIM','PAP3'),(190,6,'CARTE VIOLETTE A PRESENTER','PAP4'),(191,6,'DEFAUT DE MUTATION','PAP5'),(192,6,'PATENTE A PRESENTER','PAP6'),(193,6,'VIGNETTE A PRESENTER','PAP7'),(194,6,'R T A A PRESENTER (T S V T )','PAP8'),(195,6,'LICENCE A PRESENTER','PAP9'),(196,6,'CARTE GRISE A REGULARISER (POIDS /CARROS)','PAP10'),(197,6,'CARTE GRISE A CHANGER','PAP11'),(198,6,'CARTE GRISE ORIGINALE A PRESENTER','PAP12'),(199,6,'R T I A PRESENTER','PAP13'),(200,7,'PNEU AV G LISSE','PN1'),(201,7,'PNEU AV D LISSE','PN2'),(202,7,'PNEU ARR G LISSE','PN3'),(203,7,'PNEU ARR D LISSE','PN4'),(204,7,'PNEU ROUE DE SECOURS LISSE','PN5'),(205,7,'ROUES DE SECOURS NUL','PN6'),(206,7,'JANTE ROUE DE SECOURS EN MAUVAIS ETAT','PN7'),(207,7,'JANTE AV G EN MAUVAIS ETAT','PN8'),(208,7,'JANTE AV D EN MAUVAIS ETAT','PN9'),(209,7,'JANTE ARR G EN MAUVAIS ETAT','PN10'),(210,7,'JANTE ARR D EN MAUVAIS ETAT','PN11'),(211,7,'GOUJON DES ROUES A COMPLETER','PN12'),(212,7,'HERNIE AU FLANC DES PNEUS','PN13'),(213,7,'FLANCS DES PNEUS DECHIRES','PN14'),(214,8,'FEUX SUR CABINE A ENLEVER','SIG1'),(215,8,'TOUS FEUX CLIGNOTANTS NULS','SIG2'),(216,8,'FEUX DE STOP G/D NULS','SIG3'),(217,8,'FEUX ROUGE G/D NULS','SIG4'),(218,8,'FEU DE POLICE NUL','SIG5'),(219,8,'VEUILLEUSES G/D NULLES','SIG6'),(220,8,'AVERTISSEUR SONORE NUL','SIG7'),(221,8,'COMMODO A REMPLACER','SIG8'),(222,8,'CODE G/D NULS','SIG9'),(223,8,'PHARE G/D NULS','SIG10'),(224,8,'CODE PHARES G/D MAUVAISE MASSE','SIG11'),(225,8,'REFLECTEURS PHARES G/D A REMPLACER','SIG12'),(226,8,'CODE G/D INCLINES','SIG13'),(227,8,'CODES G/D MONTES EN L\'ENVERS','SIG14'),(228,8,'FEUX DE GABARIT G/D NULS','SIG15'),(229,8,'CABOCHON FEUX DE GABARITS A POSER','SIG16'),(230,8,'CABOCHON FEUX DE GABARITS A POSER','SIG16'),(231,8,'CABOCHON ARR G A REMPLACER','SIG17'),(232,8,'CABOCHON ARR D A REMPLACER','SIG18'),(233,8,'CABOCHON AV G A REMPLACER','SIG19'),(234,8,'CABOCHON AV D A REMPLACER','SIG20'),(235,8,'CABOCHON FEU DE POLICE A POSER','SIG21'),(236,8,'CABOCHON VEUILLEUSE G/D A POSER','SIG22'),(237,8,'CABOCHON ROUGE AV A CHANGER EN JAUNE','SIG23'),(238,8,'CATADIOPTRES G/D A POSER','SIG24'),(239,8,'AMPOULE CODE PHARE A CHANGER','SIG25'),(240,8,'AMPOULE PHARE G/D A CHANGER EN JAUNE','SIG26'),(241,8,'BRANCHEMENT LONGUE PORTEE A VERIFIER','SIG27'),(242,8,'BRANCHEMENT CODE PHARE A VERIFIER','SIG28'),(243,8,'LAMPES STROBOSCOPIQUES A ENLEVER','SIG29'),(244,8,'VERRE GLOBE OPTIQUE G/D CASSEES','SIG30'),(245,8,'FEU PLAFONIER NUL','SIG31'),(246,8,'COMMANDE KLAXON A POSER','SIG32'),(247,9,'TRAIN ARR A REVISER','SUS1'),(248,9,'TRAIN AV A REVISER','SUS2'),(249,9,'SUSPENSION AV G TROP BASSE','SUS3'),(250,9,'SUSPENSION AV D TROP BASSE','SUS4'),(251,9,'SUSPENSION AV G TROP HAUT','SUS5'),(252,9,'SUSPENSION AV D TROP HAUT','SUS6'),(253,9,'SUSPENSION ARR G TROP BASSE','SUS7'),(254,9,'SUSPENSION ARR D TROP BASSE','SUS8'),(255,9,'SUSPENSION ARR G TROP HAUT','SUS9'),(256,9,'SUSPENSION ARR D TROP HAUT','SUS10'),(257,9,'SUSPENSION TROP HAUT','SUS11'),(258,9,'SILENT BLOC BRAS INF D EN MAUVAIS ETAT','SUS12'),(259,9,'JEU EXCESSIF DE ROUE AV G','SUS13'),(260,9,'JEU EXCESSIF DE ROUE AV D','SUS14'),(261,9,'JEU EXCESSIF DE ROUE ARR G','SUS15'),(262,9,'JEU EXCESSIF DE ROUE ARR D','SUS16'),(263,9,'AXE BRAS SUP D EN MAUVAIS ETAT','SUS17'),(264,9,'AXE BRAS SUP G EN MAUVAIS ETAT','SUS18'),(265,9,'AXE AMORTISSEUR AV G EN MAUVAIS ETAT','SUS19'),(266,9,'AXE AMORTISSEUR AV D EN MAUVAIS ETAT','SUS20'),(267,9,'AXE AMORTISSEUR ARR G EN MAUVAIS ETAT','SUS21'),(268,9,'AXE AMORTISSEUR ARR D EN MAUVAIS ETAT','SUS22'),(269,9,'AMORTISSEUR AV G SANS EFFET','SUS23'),(270,9,'AMORTISSEUR AV D SANS EFFET','SUS24'),(271,9,'AMORTISSEUR ARR G SANS EFFET','SUS25'),(272,9,'AMORTISSEUR ARR D SANS EFFET','SUS26'),(273,9,'SUPPORT AMORTISSEUR AV G EN MAUVAIS ETAT','SUS27'),(274,9,'SUPPORT AMORTISSEUR AV D EN MAUVAIS ETAT','SUS28'),(275,9,'SUPPORT AMORTISSEUR ARR G EN MAUVAIS ETAT','SUS29'),(276,9,'SUPPORT AMORTISSEUR ARR D EN MAUVAIS ETAT','SUS30'),(277,9,'FUITE SUR AMORTISSEUR AV G','SUS31'),(278,9,'FUITE SUR AMORTISSEUR AV D','SUS32'),(279,9,'FUITE SUR AMORTISSEUR ARR G','SUS33'),(280,1,'FUITE SUR AMORTISSEUR ARR D','SUS34'),(281,9,'ROTULE BRAS DE SUSPENSION SUP G EN MAUVAIS ETAT','SUS35'),(282,9,'ROTULE BRAS DE SUSPENSION SUP D EN MAUVAIS ETAT','SUS36'),(283,1,'ROTULE BRAS DE SUSPENSION INF G EN MAUVAIS ETAT','SUS37'),(284,9,'ROTULE BRAS DE SUSPENSION INF D EN MAUVAIS ETAT','SUS38'),(285,9,'AXE FUSE AV G EN MAUVAIS ETAT','SUS39'),(286,9,'AXE FUSE AV D EN MAUVAIS ETAT','SUS40'),(287,9,'AXE BRAS INF G EN MAUVAIS ETAT','SUS41'),(288,9,'AXE BRAS INF D EN MAUVAIS ETAT','SUS42'),(289,9,'RESSORT AV G AFFAISSE','SUS43'),(290,9,'RESSORT AV D AFFAISSE','SUS44'),(291,9,'RESSORT ARR G AFFAISSE','SUS45'),(292,9,'RESSORT ARR D AFAISSE','SUS46'),(293,9,'RESSORT MAITRE AV G CASSE','SUS47'),(294,9,'RESSORT MAITRE AV D CASSE','SUS48'),(295,9,'RESSORT MAITRE ARR G CASSE','SUS49'),(296,9,'RESSORT MAITRE ARR D CASSE','SUS50'),(297,9,'RESSORT SOUS MAITRE AV G CASSE','SUS51'),(298,9,'RESSORT SOUS MAITRE ARR G CASSE','SUS52'),(299,9,'RESSORT SOUS MAITRESSE ARR D CASSE','SUS53'),(300,9,'LAME RESSORT AV G/D CASSEE','SUS54'),(301,9,'LAME RESSORT ARR G/D CASSEE','SUS55'),(302,9,'SILENT BLOC BRAS SUP G EN MAUVAIS ETAT','SUS56'),(303,9,'BUTEE DE RESSORT AV G EN MAUVAIS ETAT','SUS57'),(304,1,'BUTEE DE RESSORT AV D EN MAUVAIS ETAT','SUS58'),(305,9,'BUTEE DE RESSORT ARR G EN MAUVAIS ETAT','SUS59'),(306,9,'BUTEE DE RESSORT ARR D EN MAUVAIS ETAT','SUS60'),(307,9,'SILENT BLOC TRAIN AV EN MAUVAIS ETAT','SUS61'),(308,9,'CARROSSAGE ROUES AV G A REGLER','SUS62'),(309,9,'CARROSSAGE ROUE AV D A REGLER','SUS63'),(310,9,'CARROSSAGE ROUE ARR G A REGLER','SUS64'),(311,9,'CARROSSAGE ROUE ARR D A REGLER','SUS65'),(312,9,'PARALLELISME A REGLER','SUS66'),(313,9,'SILENT BLOC BRAS SUP G EN MAUVAIS ETAT','SUS67'),(314,9,'SILENT BLOC BRAS SUP D EN MAUVAIS ETAT','SUS68'),(315,9,'SILENT BLOC BRAS INF G EN MAUVAIS ETAT','SUS69'),(316,9,'SILENT BLOC BRAS INF D EN MAUVAIS ETAT','SUS70'),(317,9,'SILENT BLOC BARRE STABILISATRICE AV EN MAUVAIS ETAT','SUS71'),(318,9,'SILENT BLOC BARRE STABILISATRICE AR EN MAUVAIS ETAT','SUS72'),(319,9,'SILENT BLOC BARRE ANTI ROULIS EN MAUVAIS ETAT','SUS73'),(320,9,'SILENT BLOC PALIER AR G/D A REMPLACER','SUS74'),(321,9,'BARRE STABILISATRICE AV CASSEE','SUS75'),(322,9,'TRANSMISSION AV G/D A REPARER','SUS76'),(323,9,'OBJET HORS CABARIT A SUPPRIMER','SUS77'),(324,9,'BRAS AV G EN MAUVAIS ETAT','SUS78'),(325,9,'BRAS AV D EN MAUVAIS ETAT','SUS79'),(326,10,'DEMI ARBRE GAUCHE CASSE','TR1'),(327,10,'DEMI ARBRE DROITE CASSE','TR2'),(328,10,'DEMI ARBRE GAUCHE DESSERE','TR3'),(329,10,'DEMI ARBRE DROITE DESSERE','TR4'),(330,10,'PATTE BOITE DE VITESSE DESSEREE','TR5'),(331,10,'CACHE POUSSIERE TRANSMISSION G/D A REMPLACER','TR6'),(332,10,'FUITE D\'HUILE SUR BOITE VITESSE','TR7'),(333,10,'FUITE D\'HUILE SUR PONT DE TRANSMISSION AV/ARR','TR8'),(334,10,'FUITE D\'HUILE SUR BOITE DE TRANSFERT','TR9'),(335,10,'BRUIT ANORMAL SUR TRANSMISSION','TR10'),(336,10,'ARBRE DE TRANSMISSION EN MAUVAIS ETAT','TR11'),(337,10,'CROISILLON SORTIE BOITE DE VITESSE MAUVA','TR12'),(338,10,'CROISILLON SORTIE BOITE DE VITESSE DESSERE','TR13'),(339,10,'COMPLETER BOULONS DE SERRAGE CROISILLON BOITE DE VITESSE','TR14'),(340,10,'PATTE BOITE DE VITESSE A REMPLACER','TR15'),(341,10,'PATTE BOITE DE VITESSE DESSEREE','TR16'),(342,10,'MECANISME D\'EMBRAYAGE DEFECTUEUX','TR17'),(343,11,'NIVEAU SIEGE A RECTIFIER','CAR55'),(344,1,'BANQUETTE AR A RECTIFIER','CAR56'),(345,8,'ECLAIRAGE LONGUE PORTEE LED A ENLEVER','SIG33');
/*!40000 ALTER TABLE `ct_anomalie` ENABLE KEYS */;
UNLOCK TABLES;

--
-- Table structure for table `ct_anomalie_type`
--

DROP TABLE IF EXISTS `ct_anomalie_type`;
/*!40101 SET @saved_cs_client     = @@character_set_client */;
/*!40101 SET character_set_client = utf8 */;
CREATE TABLE `ct_anomalie_type` (
  `id` int(11) NOT NULL AUTO_INCREMENT,
  `atp_libelle` varchar(45) NOT NULL,
  PRIMARY KEY (`id`),
  UNIQUE KEY `UNIQ_692C84944060276E` (`atp_libelle`)
) ENGINE=InnoDB AUTO_INCREMENT=14 DEFAULT CHARSET=utf8 COLLATE=utf8_unicode_ci;
/*!40101 SET character_set_client = @saved_cs_client */;

--
-- Dumping data for table `ct_anomalie_type`
--

LOCK TABLES `ct_anomalie_type` WRITE;
/*!40000 ALTER TABLE `ct_anomalie_type` DISABLE KEYS */;
INSERT INTO `ct_anomalie_type` VALUES (1,'ACCESSOIRES'),(11,'CARROSSERIE'),(12,'CHASSIS'),(2,'DIRECTION'),(3,'EN MARGES VEHICULE APTE'),(4,'FREINAGE'),(5,'MOTEUR'),(6,'PAPIER'),(7,'PNEUMATIQUE'),(8,'SIGNALISATION'),(9,'SUSPENSION'),(10,'TRANSMISSION');
/*!40000 ALTER TABLE `ct_anomalie_type` ENABLE KEYS */;
UNLOCK TABLES;

--
-- Table structure for table `ct_arrete_prix`
--

DROP TABLE IF EXISTS `ct_arrete_prix`;
/*!40101 SET @saved_cs_client     = @@character_set_client */;
/*!40101 SET character_set_client = utf8 */;
CREATE TABLE `ct_arrete_prix` (
  `id` int(11) NOT NULL AUTO_INCREMENT,
  `user_id` int(11) DEFAULT NULL,
  `art_numero` varchar(124) NOT NULL,
  `art_date` date DEFAULT NULL,
  `art_date_applic` date DEFAULT NULL,
  `art_created_at` datetime DEFAULT NULL COMMENT '(DC2Type:datetime_immutable)',
  `art_updated_at` datetime DEFAULT NULL COMMENT '(DC2Type:datetime_immutable)',
  PRIMARY KEY (`id`),
  UNIQUE KEY `UNIQ_1CEB5E02BAE5AA62` (`art_numero`),
  KEY `IDX_1CEB5E02A76ED395` (`user_id`),
  CONSTRAINT `FK_1CEB5E02A76ED395` FOREIGN KEY (`user_id`) REFERENCES `user` (`id`)
) ENGINE=InnoDB DEFAULT CHARSET=utf8 COLLATE=utf8_unicode_ci;
/*!40101 SET character_set_client = @saved_cs_client */;

--
-- Dumping data for table `ct_arrete_prix`
--

LOCK TABLES `ct_arrete_prix` WRITE;
/*!40000 ALTER TABLE `ct_arrete_prix` DISABLE KEYS */;
/*!40000 ALTER TABLE `ct_arrete_prix` ENABLE KEYS */;
UNLOCK TABLES;

--
-- Table structure for table `ct_centre`
--

DROP TABLE IF EXISTS `ct_centre`;
/*!40101 SET @saved_cs_client     = @@character_set_client */;
/*!40101 SET character_set_client = utf8 */;
CREATE TABLE `ct_centre` (
  `id` int(11) NOT NULL AUTO_INCREMENT,
  `ct_province_id` int(11) DEFAULT NULL,
  `ctr_nom` varchar(255) DEFAULT NULL,
  `ctr_code` varchar(255) DEFAULT NULL,
  `ctr_created_at` datetime DEFAULT NULL COMMENT '(DC2Type:datetime_immutable)',
  `ctr_updated_at` datetime DEFAULT NULL COMMENT '(DC2Type:datetime_immutable)',
  PRIMARY KEY (`id`),
  UNIQUE KEY `UNIQ_902E42D34D2E62D` (`ctr_nom`),
  KEY `IDX_902E42D9764A0FC` (`ct_province_id`),
  CONSTRAINT `FK_902E42D9764A0FC` FOREIGN KEY (`ct_province_id`) REFERENCES `ct_province` (`id`)
) ENGINE=InnoDB AUTO_INCREMENT=174 DEFAULT CHARSET=utf8 COLLATE=utf8_unicode_ci;
/*!40101 SET character_set_client = @saved_cs_client */;

--
-- Dumping data for table `ct_centre`
--

LOCK TABLES `ct_centre` WRITE;
/*!40000 ALTER TABLE `ct_centre` DISABLE KEYS */;
INSERT INTO `ct_centre` VALUES (1,6,'DGSR A LA SUITE','000','2022-06-18 13:26:07','2022-06-18 13:26:07'),(3,6,'BETONGOLO','002','2017-10-16 09:39:33','2017-12-18 08:30:55'),(4,6,'ALAROBIA','001','2017-10-16 09:39:50','2017-12-18 08:30:38'),(5,6,'NANISANA','003','2017-10-16 09:40:30','2017-12-18 08:30:24'),(6,6,'ALASORA','004','2017-10-16 09:41:02','2017-12-18 08:30:11'),(7,5,'TANAMBOROZANO','005','2017-10-16 09:42:21','2018-06-06 09:02:19'),(8,5,'BARIKADIMY','005','2017-10-16 09:42:37','2017-12-18 08:29:27'),(9,3,'BESOROHITRA','007','2017-10-16 09:43:07','2018-06-06 09:01:24'),(10,7,'SANFIL','008','2017-10-16 09:47:55','2018-06-06 09:00:04'),(11,2,'TRANOBOZAKA','009','2017-10-16 09:48:32','2018-06-06 09:00:34'),(12,6,'IVATO','010','2017-10-16 09:51:17','2017-12-18 08:28:16'),(13,7,'MORONDAVA','011','2017-10-16 09:53:02','2017-12-18 08:28:04'),(15,7,'TAOLAGNARO','013','2017-10-16 09:54:03','2017-12-18 08:27:27'),(16,7,'AMBOVOMBE','014','2017-10-16 09:54:16','2017-12-18 08:27:11'),(17,3,'AMBOSITRA','015','2017-10-16 09:54:32','2017-12-18 08:26:57'),(18,5,'AMBATONDRAZAKA','016','2017-10-16 09:54:44','2017-12-18 08:26:41'),(19,5,'FENERIVE-EST','017','2017-10-16 09:55:01','2019-05-02 10:23:02'),(20,5,'MORAMANGA','018','2017-10-16 09:55:11','2017-12-18 08:26:08'),(21,2,'SAMBAVA','019','2017-10-16 09:55:27','2017-12-18 08:25:57'),(22,8,'AMBOROVY','020','2017-10-16 09:56:27','2018-06-06 08:59:52'),(23,3,'MANAKARA','021','2017-10-16 09:57:22','2017-12-18 08:25:33'),(24,3,'FARAFANGANA','022','2017-10-16 09:57:52','2017-12-18 08:25:20'),(25,6,'ANTSIRABE/TSARASAOTRA','023','2017-10-16 09:59:24','2018-07-23 10:49:18'),(26,6,'CENTRE RECEPTION TECHNIQUE','024','2017-11-13 07:29:05','2019-04-10 07:47:26'),(27,3,'IHOSY','025','2017-11-13 07:40:34','2017-12-18 08:24:34'),(28,8,'ANTSOHIHY','026','2017-11-13 07:48:05','2017-12-18 08:24:23'),(29,6,'TSIROANOMANDIDY','027','2018-07-04 11:09:26','2018-09-13 10:05:57'),(30,5,'ITINERANTE BRIEVILLE','016','2018-09-13 08:55:30','2018-09-13 08:57:27'),(31,5,'ITINERANTE AMBAIBOHO','016','2018-09-13 08:57:44',NULL),(32,5,'ITINERANTE TANAMBE','016','2018-09-13 08:58:05','2020-03-16 12:42:13'),(33,3,'ITINERANTE SANDRANDAHY','015','2018-09-13 09:01:19','2020-03-13 10:06:26'),(34,3,'ITINERANTE FANDRIANA','015','2018-09-13 09:01:32','2020-03-13 10:01:50'),(35,7,'ITINERANTE AMBOASARY','014','2018-09-13 09:03:23',NULL),(36,6,'ITINERANTE AMBATOLAMPY','023','2018-09-13 09:05:58','2020-03-13 11:21:42'),(37,6,'VISITE A DOMICILE : MADAGASCAR OIL','001','2018-09-13 09:06:13',NULL),(38,6,'ITINERANTE ANTANIFOTSY','023','2018-09-13 09:07:26','2020-03-13 10:34:20'),(39,6,'ITINERANTE AMBOHIMANDROSO','023','2018-09-13 09:07:45','2020-03-13 10:37:37'),(40,2,'ITINERANTE AMBILOBE','009','2018-09-13 09:10:03','2020-03-13 10:30:11'),(41,2,'ITINERANTE AMBANJA','029','2018-09-13 09:10:36','2020-03-13 10:31:32'),(42,2,'NOSY BE','029','2018-09-13 09:10:58','2020-03-13 10:32:55'),(44,8,'ITINERANTE PORT BERGE','026','2018-09-13 09:14:51','2020-03-13 10:14:54'),(46,8,'ITINERANTE BEFANDRIANA NORD','026','2018-09-13 09:15:24','2020-03-13 10:22:17'),(47,3,'ITINERANTE VANGAINDRANO','022','2018-09-13 09:16:19','2020-03-13 09:56:02'),(48,5,'ITINERANTE MANANARA-NORD','017','2018-09-13 09:17:28','2020-03-16 13:00:12'),(49,5,'ITINERANTE MAROANTSETRA','017','2018-09-13 09:17:42','2020-03-16 13:01:35'),(50,5,'ITINERANTE SAINTE MARIE','017','2018-09-13 09:17:56','2020-03-16 13:36:01'),(51,5,'ITINERANTE VAVATENINA','017','2018-09-13 09:18:10','2020-03-16 13:02:56'),(52,3,'ITINERANTE AMBALAVAO','007','2018-09-13 09:20:29','2020-03-12 15:52:33'),(53,3,'ITINERANTE VOHIPOSA','007','2018-09-13 09:20:42','2020-03-12 15:58:52'),(54,3,'ITINERANTE AMBOHIMAHASOA','007','2018-09-13 09:21:21','2020-03-12 15:56:03'),(55,3,'ITINERANTE IFANADIANA','021','2018-09-13 09:21:34','2020-03-12 15:26:37'),(56,3,'ITINERANTE RANOMAFANA','021','2018-09-13 09:21:48','2020-03-12 15:25:10'),(57,3,'ITINERANTE BETROKA','025','2018-09-13 09:23:46','2020-03-16 13:49:32'),(58,3,'ITINERANTE ILAKAKA','025','2018-09-13 09:23:56','2020-03-12 15:42:33'),(59,6,'ITINERANTE MAHITSY','010','2018-09-13 09:26:17','2020-03-12 15:36:49'),(60,6,'ITINERANTE ANKAZOBE','010','2018-09-13 09:26:30','2020-03-12 15:38:14'),(61,8,'ITINERANTE MAROVOAY','020','2018-09-13 09:27:36','2020-03-12 15:29:35'),(62,8,'ITINERANTE MAEVATANANA','020','2018-09-13 09:27:51','2020-03-12 15:32:26'),(63,3,'ITINERANTE MANANJARY','021','2018-09-13 09:55:08','2020-03-12 15:28:07'),(64,5,'ITINERANTE MANJAKANDRIANA','018','2018-09-13 09:55:55',NULL),(65,7,'ITINERANTE MIANDRIVAZO','011','2018-09-13 09:56:42','2020-03-12 15:01:57'),(66,2,'ITINERANTE AMPANEFENA','019','2018-09-13 09:57:47',NULL),(67,2,'ITINERANTE VOHEMAR','019','2018-09-13 09:57:58','2020-03-12 14:54:50'),(68,2,'ITINERANTE ANTALAHA','019','2018-09-13 09:58:36','2020-03-12 14:58:27'),(69,2,'ITINERANTE ANDAPA','019','2018-09-13 09:58:47','2020-03-12 14:59:52'),(70,5,'ITINERANTE VATOMANDRY','005','2018-09-13 09:59:59','2020-03-12 14:48:11'),(71,5,'TOAMASINA','005','2018-09-13 10:00:12','2019-04-04 05:02:48'),(72,7,'ITINERANTE ANKILILAOKA','008','2018-09-13 10:01:34','2020-03-12 14:26:23'),(73,7,'ITINERANTE BEFANDRIANA SUD','008','2018-09-13 10:01:46','2020-03-12 14:29:21'),(74,7,'ITINERANTE AMBAIKILY','008','2018-09-13 10:02:08','2020-03-12 14:30:46'),(75,7,'ITINERANTE MOROMBE','008','2018-09-13 10:02:45','2020-03-12 14:32:09'),(76,7,'ITINERANTE SAKARAHA','008','2018-09-13 10:02:59','2020-03-12 14:33:33'),(77,7,'ITINERANTE ANKAZOABO','008','2018-09-13 10:03:10','2020-03-12 14:34:56'),(78,7,'ITINERANTE ANDRANOVORY','008','2018-09-13 10:03:23','2020-03-12 14:36:18'),(79,7,'ITINERANTE BEZAHA','008','2018-09-13 10:03:34','2020-03-12 14:37:43'),(80,7,'ITINERANTE BETIOKY','008','2018-09-13 10:03:44','2020-03-12 14:39:06'),(81,7,'ITINERANTE EJEDA','008','2018-09-13 10:03:54','2020-03-12 14:40:32'),(82,7,'ITINERANTE AMPANIHY','008','2018-09-13 10:04:16','2020-03-12 14:41:56'),(83,6,'ITINERANTE SAKAY','027','2018-09-13 10:07:16','2020-03-12 14:12:05'),(84,6,'ITINERANTE SOAVINANDRIANA','027','2018-09-13 10:07:31','2020-03-12 14:13:43'),(85,6,'ITINERANTE ANALAVORY','027','2018-09-13 10:07:42','2020-03-14 10:43:22'),(86,6,'ITINERANTE MIARINARIVO','027','2018-09-13 10:07:52','2020-03-12 14:23:34'),(87,6,'ITINERANTE ARIVONIMAMO','027','2018-09-13 10:08:03','2020-03-12 14:24:59'),(88,6,'ANTSIRABE','023','2018-10-22 11:33:55',NULL),(89,2,'ANTSIRANANA','009','2018-10-22 11:34:39',NULL),(90,3,'ITINERANTE BERAVINA','007','2018-10-22 12:04:40',NULL),(91,6,'RECEPTION TECHNIQUE SOCIMEX','024','2019-04-02 07:22:58',NULL),(92,6,'RECEPTION TECHNIQUE EXTERNE','024','2019-04-04 08:03:33','2019-04-11 07:23:49'),(93,6,'ANTANANARIVO','001','2019-04-04 19:31:23',NULL),(94,6,'VISITE A DOMICILE : ALI MOURTAZA','001','2019-04-10 07:44:12',NULL),(95,6,'VISITE A DOMICILE : SALONE','001','2019-04-12 12:41:43',NULL),(96,6,'VISITE A DOMICILE : SOMADA','001','2019-04-12 12:41:49','2019-08-08 10:08:37'),(97,6,'GMM','028','2019-05-03 12:49:36',NULL),(98,6,'VISITE A DOMICILE : SMCT','001','2019-08-29 10:05:53',NULL),(99,6,'VISITE A DOMICILE : SMATP','001','2019-08-29 10:06:21',NULL),(100,6,'SOCR','030','2019-09-09 14:05:15',NULL),(101,6,'VISITE A DOMICILE : COLAS','001','2020-02-25 10:55:10',NULL),(102,5,'ITINERANTE MAHANORO','005','2020-03-12 14:44:46',NULL),(103,5,'ITINERANTE FOULPOINTE','005','2020-03-12 14:49:36',NULL),(104,5,'ITINERANTE BRICKAVILLE','005','2020-03-12 14:50:58',NULL),(105,7,'ITINERANTE MAHABO','011','2020-03-12 15:18:29',NULL),(106,7,'ITINERANTE BELO/TSIRIBIHINA','011','2020-03-12 15:20:48',NULL),(107,7,'ITINERANTE MANJA','011','2020-03-12 15:22:12',NULL),(108,8,'ITINERANTE AMBONDROMAMY','020','2020-03-12 15:31:01',NULL),(109,8,'ITINERANTE KATSEPY','020','2020-03-12 15:33:54',NULL),(110,8,'ITINERANTE NAMAKIA MGA','020','2020-03-12 15:35:20','2023-04-25 10:10:38'),(111,6,'ITINERANTE ANDRANOVELONA','010','2020-03-12 15:39:41',NULL),(112,5,'ITINERANTE SOANERANA IVONGO','017','2020-03-12 15:50:27','2020-03-16 13:42:56'),(113,3,'ITINERANTE AMBATOFINANDRAHANA','015','2020-03-13 10:07:50',NULL),(114,8,'ITINERANTE MAMPIKONY','026','2020-03-13 10:24:42',NULL),(115,8,'ITINERANTE MANDRITSARA','026','2020-03-13 10:26:04',NULL),(116,8,'ITINERANTE BEALANANA','026','2020-03-13 10:28:50',NULL),(117,6,'ITINERANTE MANDOTO','023','2020-03-13 10:42:04',NULL),(118,6,'ITINERANTE ANKAZOMIRIOTRA','023','2020-03-13 10:44:40','2020-03-13 10:51:39'),(119,7,'ITINERANTE BEKILY','014','2020-03-13 10:59:53','2020-03-16 12:55:17'),(120,7,'ITINERANTE BERAKETA','014','2020-03-13 11:02:16','2020-03-16 12:56:40'),(121,7,'ITINERANTE TSIHOMBE','014','2020-03-13 11:06:44','2020-03-16 12:58:04'),(122,6,'ITINERANTE MANJAKANDRIANA BGL','002','2020-03-13 11:23:15','2023-04-25 10:11:05'),(123,6,'ITINERANTE BEHENJY','023','2020-06-24 07:38:53',NULL),(124,3,'ITINERANTE RANOMAFANA IFANADIANA','021',NULL,NULL),(128,5,'ITINERANTE ANTSAPANANA','005','2020-07-20 09:34:39',NULL),(130,6,'VISITE A DOMICILE : COGECI','001',NULL,NULL),(131,6,'RÉCEPTION TECHNIQUE ATT','024',NULL,NULL),(134,6,'ATT','004',NULL,NULL),(135,6,'VISITE A DOMICILE : ATT','001',NULL,NULL),(136,6,'GARE ROUTIERE MAKI (ANNEXE IVATO)','030','2020-10-22 00:00:00','2020-10-22 00:00:00'),(137,6,'RECEPTION TECHNIQUE OCEAN TRADE','024','2021-01-19 00:00:00','2021-01-19 00:00:00'),(138,6,'RECEPTION TECHNIQUE HENRI FRAISE','024',NULL,NULL),(139,6,'RECEPTION TECHNIQUE SODIREX','024',NULL,NULL),(140,6,'RECEPTION TECHNIQUE SICAM','024',NULL,NULL),(145,5,'ANNEXE BARIKADIMY','005',NULL,NULL),(146,6,'RECEPTION TECHNIQUE CONTINENTAL AUTO','024',NULL,NULL),(147,6,'VISITE A DOMICILE : CRBC','001',NULL,NULL),(148,3,'ITINERANTE FARAFANGANA','022',NULL,NULL),(149,6,'VISITE A DOMICILE : SOBATRA','001','2021-07-13 10:56:23',NULL),(150,6,'VISITE A DOMICILE : MEDD','002',NULL,NULL),(151,6,'VISITE A DOMICILE : NSTT/SMCT','001',NULL,NULL),(152,7,'ITINERANTE BEVOAY','008','2021-11-02 08:05:00',NULL),(153,6,'RECEPTION TECHNIQUE CRBC','024',NULL,NULL),(154,5,'MADAUTO TOAMASINA','005','2022-04-06 11:44:30',NULL),(155,6,'VISITE A DOMICILE : ID RENTAL','001','2017-10-16 09:39:50','2017-12-18 08:30:38'),(156,5,'SOCIETE SEAL','005','2017-10-16 09:42:21','2018-06-06 09:02:19'),(157,5,'STE VELOGIC','005',NULL,NULL),(158,5,'HENRI FRAISE FILS ET CIE','005',NULL,NULL),(159,5,'ETS MODRIN ET CIE','005',NULL,NULL),(160,5,'BOLLORE TRANSPORT ET LOGISTICS','005','2022-05-06 08:05:00',NULL),(161,6,'VISITE A DOMICILE : CNAPS','001','2022-05-11 00:00:00',NULL),(162,5,'PENTA OCEAN','005','2022-06-22 00:00:00',NULL),(163,5,'FTL MADAGASCAR SARL','005','2022-06-27 11:10:21',NULL),(164,2,'ITINERANTE NAMAKIA','009','2020-03-12 15:35:20',NULL),(172,8,'ITINERANTE AMBATOBOENY','020','2023-04-26 13:22:30',NULL);
/*!40000 ALTER TABLE `ct_centre` ENABLE KEYS */;
UNLOCK TABLES;

--
-- Table structure for table `ct_province`
--

DROP TABLE IF EXISTS `ct_province`;
/*!40101 SET @saved_cs_client     = @@character_set_client */;
/*!40101 SET character_set_client = utf8 */;
CREATE TABLE `ct_province` (
  `id` int(11) NOT NULL AUTO_INCREMENT,
  `prv_nom` varchar(255) DEFAULT NULL,
  `prv_code` varchar(255) DEFAULT NULL,
  `prv_created_at` datetime DEFAULT NULL COMMENT '(DC2Type:datetime_immutable)',
  `prv_updated_at` datetime DEFAULT NULL COMMENT '(DC2Type:datetime_immutable)',
  PRIMARY KEY (`id`),
  UNIQUE KEY `UNIQ_DF00E1F2413D25A3` (`prv_nom`)
) ENGINE=InnoDB AUTO_INCREMENT=13 DEFAULT CHARSET=utf8 COLLATE=utf8_unicode_ci;
/*!40101 SET character_set_client = @saved_cs_client */;

--
-- Dumping data for table `ct_province`
--

LOCK TABLES `ct_province` WRITE;
/*!40000 ALTER TABLE `ct_province` DISABLE KEYS */;
INSERT INTO `ct_province` VALUES (2,'ANTSIRANANA','ANA','2017-10-13 14:54:20','2017-11-13 07:30:58'),(3,'FIANARANTSOA','FNR','2017-10-13 14:54:59','2017-11-13 07:30:49'),(5,'TOAMASINA','TNA','2017-10-13 15:21:06','2017-11-13 07:30:38'),(6,'ANTANANARIVO','ANT','2017-10-16 09:38:43','2017-10-18 08:23:54'),(7,'TOLIARA','TLR','2017-10-16 09:45:44','2017-11-13 07:30:25'),(8,'MAHAJANGA','MGA','2017-10-16 09:46:05','2017-11-13 07:30:13');
/*!40000 ALTER TABLE `ct_province` ENABLE KEYS */;
UNLOCK TABLES;

--
-- Table structure for table `ct_role`
--

DROP TABLE IF EXISTS `ct_role`;
/*!40101 SET @saved_cs_client     = @@character_set_client */;
/*!40101 SET character_set_client = utf8 */;
CREATE TABLE `ct_role` (
  `id` int(11) NOT NULL AUTO_INCREMENT,
  `role_name` varchar(64) NOT NULL,
  PRIMARY KEY (`id`)
) ENGINE=InnoDB AUTO_INCREMENT=9 DEFAULT CHARSET=utf8 COLLATE=utf8_unicode_ci;
/*!40101 SET character_set_client = @saved_cs_client */;

--
-- Dumping data for table `ct_role`
--

LOCK TABLES `ct_role` WRITE;
/*!40000 ALTER TABLE `ct_role` DISABLE KEYS */;
INSERT INTO `ct_role` VALUES (1,'Superadmin'),(2,'Admin'),(3,'Verificateur'),(4,'Reception'),(5,'Visite'),(6,'Staff'),(7,'Approvisionnement');
/*!40000 ALTER TABLE `ct_role` ENABLE KEYS */;
UNLOCK TABLES;

--
-- Table structure for table `doctrine_migration_versions`
--

DROP TABLE IF EXISTS `doctrine_migration_versions`;
/*!40101 SET @saved_cs_client     = @@character_set_client */;
/*!40101 SET character_set_client = utf8 */;
CREATE TABLE `doctrine_migration_versions` (
  `version` varchar(191) NOT NULL,
  `executed_at` datetime DEFAULT NULL,
  `execution_time` int(11) DEFAULT NULL,
  PRIMARY KEY (`version`)
) ENGINE=InnoDB DEFAULT CHARSET=utf8 COLLATE=utf8_unicode_ci;
/*!40101 SET character_set_client = @saved_cs_client */;

--
-- Dumping data for table `doctrine_migration_versions`
--

LOCK TABLES `doctrine_migration_versions` WRITE;
/*!40000 ALTER TABLE `doctrine_migration_versions` DISABLE KEYS */;
INSERT INTO `doctrine_migration_versions` VALUES ('DoctrineMigrations\\Version20230414072931','2023-04-14 09:29:39',68);
/*!40000 ALTER TABLE `doctrine_migration_versions` ENABLE KEYS */;
UNLOCK TABLES;

--
-- Table structure for table `messenger_messages`
--

DROP TABLE IF EXISTS `messenger_messages`;
/*!40101 SET @saved_cs_client     = @@character_set_client */;
/*!40101 SET character_set_client = utf8 */;
CREATE TABLE `messenger_messages` (
  `id` bigint(20) NOT NULL AUTO_INCREMENT,
  `body` longtext NOT NULL,
  `headers` longtext NOT NULL,
  `queue_name` varchar(190) NOT NULL,
  `created_at` datetime NOT NULL,
  `available_at` datetime NOT NULL,
  `delivered_at` datetime DEFAULT NULL,
  PRIMARY KEY (`id`),
  KEY `IDX_75EA56E0FB7336F0` (`queue_name`),
  KEY `IDX_75EA56E0E3BD61CE` (`available_at`),
  KEY `IDX_75EA56E016BA31DB` (`delivered_at`)
) ENGINE=InnoDB DEFAULT CHARSET=utf8 COLLATE=utf8_unicode_ci;
/*!40101 SET character_set_client = @saved_cs_client */;

--
-- Dumping data for table `messenger_messages`
--

LOCK TABLES `messenger_messages` WRITE;
/*!40000 ALTER TABLE `messenger_messages` DISABLE KEYS */;
/*!40000 ALTER TABLE `messenger_messages` ENABLE KEYS */;
UNLOCK TABLES;

--
-- Table structure for table `user`
--

DROP TABLE IF EXISTS `user`;
/*!40101 SET @saved_cs_client     = @@character_set_client */;
/*!40101 SET character_set_client = utf8 */;
CREATE TABLE `user` (
  `id` int(11) NOT NULL AUTO_INCREMENT,
  `username` varchar(180) NOT NULL,
  `roles` longtext CHARACTER SET utf8mb4 COLLATE utf8mb4_bin NOT NULL CHECK (json_valid(`roles`)),
  `password` varchar(255) NOT NULL,
  `usrnamecomplet` varchar(255) NOT NULL,
  `userfonction` varchar(255) DEFAULT NULL,
  `usermail` varchar(255) NOT NULL,
  `actived` tinyint(1) NOT NULL,
  `useradresse` varchar(255) DEFAULT NULL,
  `userphone` varchar(45) NOT NULL,
  `userpresence` tinyint(1) NOT NULL,
  `user_created_at` datetime DEFAULT NULL COMMENT '(DC2Type:datetime_immutable)',
  `user_updated_at` datetime DEFAULT NULL COMMENT '(DC2Type:datetime_immutable)',
  `last_login` datetime DEFAULT NULL COMMENT '(DC2Type:datetime_immutable)',
  `user_is_connected` smallint(6) DEFAULT NULL,
  `ct_centre_id` int(11) DEFAULT NULL,
  PRIMARY KEY (`id`),
  UNIQUE KEY `UNIQ_8D93D649F85E0677` (`username`),
  KEY `IDX_8D93D64982C8474E` (`ct_centre_id`),
  CONSTRAINT `FK_8D93D64982C8474E` FOREIGN KEY (`ct_centre_id`) REFERENCES `ct_centre` (`id`)
) ENGINE=InnoDB AUTO_INCREMENT=15 DEFAULT CHARSET=utf8 COLLATE=utf8_unicode_ci;
/*!40101 SET character_set_client = @saved_cs_client */;

--
-- Dumping data for table `user`
--

LOCK TABLES `user` WRITE;
/*!40000 ALTER TABLE `user` DISABLE KEYS */;
INSERT INTO `user` VALUES (4,'raharison','[\"ROLE_SUPERADMIN\"]','$2y$13$p5en92U97LJDU1.qwfNybeVgjZfNUmLiKKBStefYidyStjUGnY7mi','RAHARISON Jaona Nazir','Chef division développement','raharison.j.nazir@gmail.com',1,'DGSR/DOR','+261348723321',1,NULL,'2023-04-25 11:03:07',NULL,NULL,4),(11,'Alain','[\"ROLE_ADMIN\"]','$2y$13$MmqHfuhdFhfz45HhLM1UsedljeZG1bx55n./flHYUJ2yUiEsRLrPm','GPHC RAKOTOMALALA Christophe Alain','Chef d\'unité','zokyalain17327@yahoo.fr',1,'CENSERO TOAMASINA','0340750746',1,'2023-04-26 12:01:11',NULL,NULL,NULL,8),(13,'Nazir','[]','$2y$13$95vEmUPIo2RzsTbCDvo2XugKKO/5RN8WUM7QreZFGpLxs6vIRjLWW','GPHC RAHARISON Jaona Nazir','Administrateur','mczizirjn@live.fr',1,'Lot A 161 A Manarintsoa Anatihazo','0348723321',1,NULL,NULL,NULL,NULL,4),(14,'644b6dbb078b1','[\"ROLE_VTA\"]','$2y$13$ON6RsrwywoGTi5frj9YjoOLkrUCSMwBjlHxBUmCiaWlPz6.y8zI5y','GPHC RAKOTOMALALA Christophe Alain','Vérificateur technique automobile','zokyalain1732x@yahoo.fr',1,'CENSERO TOAMASINA','0340750746',1,'2023-04-28 08:54:51',NULL,NULL,NULL,8);
/*!40000 ALTER TABLE `user` ENABLE KEYS */;
UNLOCK TABLES;
/*!40103 SET TIME_ZONE=@OLD_TIME_ZONE */;

/*!40101 SET SQL_MODE=@OLD_SQL_MODE */;
/*!40014 SET FOREIGN_KEY_CHECKS=@OLD_FOREIGN_KEY_CHECKS */;
/*!40014 SET UNIQUE_CHECKS=@OLD_UNIQUE_CHECKS */;
/*!40101 SET CHARACTER_SET_CLIENT=@OLD_CHARACTER_SET_CLIENT */;
/*!40101 SET CHARACTER_SET_RESULTS=@OLD_CHARACTER_SET_RESULTS */;
/*!40101 SET COLLATION_CONNECTION=@OLD_COLLATION_CONNECTION */;
/*!40111 SET SQL_NOTES=@OLD_SQL_NOTES */;

-- Dump completed on 2023-05-04  9:04:57
